Id,fold,y_true,y_pred_proba
0,2,1,0.7038242078071295
1,1,1,0.7231164666567261
2,4,1,0.7070445094268871
3,0,1,0.752293408925705
4,1,1,0.6615443973866177
5,0,1,0.8334688033685456
6,1,1,0.768350309702283
7,0,1,0.5260710364347562
8,4,0,0.6139816168048884
9,3,1,0.6101602609150187
10,2,1,0.7626724772720508
11,4,1,0.7549107172076103
12,4,0,0.6289390620194787
13,3,1,0.7203071636003356
14,1,1,0.8276506949026916
15,1,1,0.7763026208459111
16,0,0,0.4716342298574008
17,2,0,0.5418310821761402
18,3,1,0.6998760355987359
19,1,0,0.608220123717494
20,3,1,0.6302173896370368
21,1,1,0.8221843599096595
22,4,1,0.6656191978531204
23,3,1,0.7780389571016879
24,1,1,0.6389120816877084
25,0,0,0.5443390170021989
26,1,0,0.5897708034769391
27,0,1,0.5775048468316146
28,2,0,0.2883569642845529
29,2,1,0.5339601888409614
30,2,0,0.358251659221586
31,4,1,0.7313567168816604
32,0,1,0.8682337278745019
33,1,1,0.6019445385695348
34,2,0,0.624898956482258
35,1,1,0.6670011507973217
36,1,0,0.712268839107562
37,0,0,0.5937982349467426
38,3,1,0.5023546583447678
39,2,0,0.7441239247464229
40,4,1,0.6631316608907153
41,4,0,0.5443554447232566
42,3,1,0.6827701025442426
43,3,1,0.6681396640954645
44,3,1,0.6386222768886727
45,3,0,0.5647354738612589
46,3,1,0.6760902314443891
47,2,0,0.6696726255164824
48,1,1,0.7790672094959961
49,2,1,0.7272934459490479
50,1,0,0.6037182653819063
51,3,0,0.491331978964774
52,2,1,0.8670977150967114
53,0,1,0.5778176319614969
54,0,0,0.6960266015807518
55,4,1,0.6674239255802356
56,3,1,0.7536135520299432
57,3,1,0.7910946611625893
58,4,0,0.6580770051037184
59,2,1,0.6612163141894822
60,0,0,0.6461984184592566
61,0,1,0.7423524867910171
62,4,0,0.6105590665630217
63,4,1,0.7668901058031524
64,4,1,0.6522960249347434
65,2,1,0.6568857551439348
66,2,1,0.615540858955027
67,0,1,0.7975403554406761
68,0,1,0.6333020441758038
69,1,1,0.6454478025425519
70,0,1,0.6851289963682305
71,2,1,0.7654210354747536
72,1,0,0.5927971680620584
73,2,1,0.7154770625610292
74,2,1,0.568993183250396
75,1,0,0.3392881583876963
76,3,0,0.4370656720175132
77,4,1,0.72645794207541
78,1,1,0.607580373398464
79,1,1,0.6727958330057865
80,0,0,0.652573723645645
81,4,1,0.6636304062509943
82,0,1,0.6891404432293113
83,0,1,0.7884390596287949
84,2,0,0.6069641680587111
85,3,0,0.6045981917041862
86,0,0,0.5669969155089898
87,4,0,0.7651184100922412
88,1,1,0.6715271283458142
89,2,0,0.5550258295425576
90,3,1,0.79169938338609
91,0,0,0.5581896731206578
92,4,0,0.7078588298200126
93,0,1,0.7382389230863186
94,2,0,0.6000517508008152
95,0,1,0.7150741163954726
96,2,1,0.5801690442830229
97,2,1,0.6715480016267863
98,3,0,0.31090880701280676
99,1,0,0.5708342207847221
100,2,0,0.5365498211801577
101,2,1,0.7682342278733657
102,1,1,0.7910103780217809
103,4,0,0.6597034449456807
104,3,1,0.6724707489309054
105,1,1,0.8001459221888895
106,4,1,0.5538915464126204
107,4,1,0.6699758804571192
108,1,0,0.5788824647600432
109,3,1,0.774586507781423
110,0,1,0.6716398104575653
111,4,0,0.7152563982771964
112,0,1,0.5496603370666241
113,3,1,0.6263445086052203
114,4,0,0.6467889055143283
115,1,0,0.651653941570699
116,3,1,0.5628322867551255
117,3,1,0.7397944100257311
118,0,1,0.7461680400601913
119,1,1,0.8225047361328479
120,1,0,0.5851753850660351
121,4,0,0.6419817059326259
122,4,0,0.6143860344983681
123,4,0,0.6484447625465714
124,0,0,0.5537717623926143
125,4,1,0.6726549597886613
126,3,0,0.4981416968456888
127,0,1,0.7880835319923336
128,1,1,0.6714050377942752
129,4,0,0.548915407113903
130,1,1,0.6437071855623391
131,4,1,0.759153225177188
132,1,1,0.6418364570846381
133,0,1,0.5685285122623407
134,4,0,0.5451032568777759
135,4,1,0.6431050773133259
136,4,1,0.5968715320564956
137,2,0,0.7022528623134541
138,3,1,0.6697155228147864
139,2,1,0.6833395565350969
140,0,0,0.6355630074295033
141,1,1,0.5724802381873267
142,2,0,0.6410838955284429
143,1,1,0.5854602958615484
144,1,1,0.6438138146481706
145,1,1,0.5665662472302779
146,4,1,0.20415664746296172
147,4,1,0.7979497023655375
148,2,1,0.6649928249351613
149,2,1,0.6402053270517831
150,4,0,0.6983826010642932
151,3,0,0.7292224995563836
152,1,1,0.7772153422406766
153,2,1,0.7214633601943496
154,4,0,0.60045984210631
155,0,0,0.6142228678382883
156,1,1,0.6378520571918335
157,4,1,0.6211528677496154
158,1,0,0.5722807492695376
159,4,1,0.5449755643528725
160,1,1,0.7016622499385169
161,3,1,0.6381324927205254
162,2,0,0.6523079689548463
163,4,1,0.6883128744260244
164,4,1,0.7182512011669056
165,4,1,0.6705941116714292
166,1,1,0.5919799828767296
167,4,0,0.6655844760455238
168,0,1,0.6928324515093683
169,1,0,0.5864205348944106
170,2,0,0.5826229362803651
171,1,1,0.615633676217612
172,3,0,0.5575209673962052
173,4,1,0.7098894440283068
174,3,0,0.577903122584543
175,4,1,0.7502751097938192
176,0,0,0.615832706123996
177,1,0,0.5325497767567271
178,2,0,0.687714814786752
179,2,1,0.6997680776093967
180,0,1,0.847447248336521
181,1,1,0.8028190270615823
182,1,1,0.747590532208164
183,1,1,0.6644878176154136
184,1,1,0.7686210411707362
185,1,1,0.564888437867308
186,2,0,0.5387840793078961
187,0,1,0.6361553952661313
188,4,1,0.6318941134998121
189,3,1,0.5962911150928266
190,0,1,0.7356266049408603
191,4,0,0.7515926816821192
192,0,0,0.5852342806486253
193,3,1,0.7710209842312635
194,2,0,0.523620640027879
195,4,1,0.7859611348139107
196,3,0,0.33336617876815405
197,3,1,0.5657405599275888
198,2,1,0.6765031178317554
199,0,1,0.8477127894480008
200,4,1,0.8127716921737084
201,1,1,0.6718561836419571
202,4,0,0.5833782794539578
203,0,1,0.6691285087282689
204,1,1,0.6070232595409255
205,2,1,0.7466594455089307
206,0,1,0.7718389901559661
207,3,1,0.6534795656008707
208,3,1,0.5861922101645317
209,0,1,0.6472482875637675
210,1,1,0.7618712538539545
211,1,0,0.39160169506624487
212,3,0,0.5323004732769983
213,3,1,0.6749126137373617
214,0,1,0.7980902498530102
215,0,0,0.4218941390243441
216,1,1,0.7410605772662935
217,4,0,0.605241480780623
218,4,1,0.6827276761925676
219,3,0,0.5343419506529636
220,1,0,0.5098803070648653
221,2,0,0.504005612411599
222,4,0,0.5355120653602622
223,0,1,0.8373826128252668
224,2,1,0.6131498604057827
225,1,1,0.6470344339031732
226,3,1,0.6771131345458997
227,2,1,0.6803222049524607
228,0,1,0.6225612865317041
229,1,1,0.6631847107920666
230,3,1,0.8129564316738704
231,4,0,0.6440803503083263
232,1,1,0.704565725626754
233,2,0,0.48112877535690635
234,0,1,0.6901058031262217
235,3,0,0.6868768970494008
236,4,1,0.7683707691125657
237,1,0,0.5669841909400583
238,4,1,0.5972439349788333
239,0,1,0.7904766229322631
240,0,1,0.5764701092040864
241,2,0,0.6980218906779657
242,0,0,0.28632822769200383
243,3,0,0.627787999983448
244,3,1,0.7285037731393124
245,0,0,0.48360053395784447
246,3,0,0.5330790254511889
247,4,0,0.6430864119969325
248,1,1,0.6268021672170861
249,3,1,0.6456398307895774
250,0,1,0.624092661305284
251,4,1,0.6914555781181029
252,0,0,0.7619161117199803
253,0,0,0.6593084686845594
254,3,0,0.6090176627150697
255,0,1,0.6279049875991503
256,3,1,0.7324603089654035
257,1,1,0.5962761047238073
258,1,1,0.6324276439636305
259,1,1,0.7560851499067178
260,3,1,0.7982744987033864
261,3,1,0.6089817265849263
262,1,1,0.6759345116113369
263,4,0,0.6106163614749234
264,2,0,0.6491947187263197
265,4,1,0.6858086502405726
266,3,1,0.6012132796616775
267,4,0,0.5003876802314007
268,0,0,0.5096361578565738
269,4,1,0.8096840210722391
270,3,1,0.6136095196349582
271,0,1,0.6497331081201635
272,4,1,0.5313916452687383
273,2,1,0.616020450905522
274,1,1,0.7740080527169336
275,2,1,0.5637464512220585
276,4,1,0.7584604430943707
277,4,0,0.6150385590930647
278,4,1,0.7293180722347995
279,1,1,0.6949167882684156
280,1,1,0.8082165204308448
281,4,0,0.6786335301777009
282,2,1,0.7016456633541596
283,3,0,0.5910050987554339
284,0,0,0.774191864599914
285,3,0,0.35190772147761934
286,1,0,0.7140130184696446
287,4,0,0.6667955287284414
288,3,0,0.3032025122373969
289,2,1,0.6549841731977422
290,3,1,0.8138476538666708
291,1,1,0.6639245270311581
292,0,1,0.8136405785049299
293,3,1,0.6884840521202336
294,1,0,0.5773955623978881
295,2,1,0.6293093269249592
296,1,1,0.4968215660029992
297,3,1,0.6188304413645623
298,1,0,0.6919264362911649
299,3,1,0.6566179905110566
300,3,1,0.5875246772097927
301,4,1,0.6889636825897945
302,4,1,0.3789234869465056
303,0,1,0.6209921362987574
304,0,1,0.5747456006253212
305,1,1,0.79077312506675
306,0,0,0.6307740925307543
307,3,1,0.8567172299300566
308,2,0,0.6610671882177832
309,2,0,0.7828374042399611
310,4,0,0.5820130176116824
311,3,1,0.8031913709933944
312,0,1,0.6757752309211165
313,3,1,0.6376822192639462
314,0,1,0.5741364794869965
315,3,0,0.6162209947981497
316,2,1,0.627995574526634
317,4,1,0.8185418971402072
318,0,1,0.6492943230876107
319,1,1,0.6199504081453882
320,4,1,0.7463571035596265
321,1,1,0.5998968665572896
322,2,0,0.7258887327157159
323,4,1,0.7770448737646004
324,2,1,0.6584683725235304
325,2,1,0.6804108055686136
326,0,1,0.5932261968700214
327,4,1,0.64390776554968
328,2,0,0.574512714287112
329,3,1,0.6924709210614701
330,2,1,0.763605213447489
331,4,1,0.5474287242589154
332,3,0,0.5360702661442075
333,4,1,0.8285978787341258
334,0,0,0.5692257975216684
335,0,0,0.609910165328365
336,2,1,0.678288443738688
337,2,0,0.5237581402498581
338,3,0,0.7522622885034868
339,3,1,0.5654145028401906
340,4,0,0.7357044407562658
341,4,0,0.5666940772680407
342,3,0,0.5633027541029543
343,2,0,0.587875657954517
344,0,1,0.3478486377968803
345,3,0,0.7220021704887342
346,3,0,0.35002837564016737
347,2,1,0.6111382885924207
348,2,1,0.7321631872348017
349,4,1,0.807754565789086
350,4,1,0.6411984943648433
351,0,0,0.5356714195393376
352,0,1,0.6115739250644467
353,2,0,0.5211341376248351
354,0,1,0.7209067721074695
355,1,1,0.601570069323979
356,3,0,0.518766118085016
357,4,1,0.7492966439116109
358,1,0,0.642117212188732
359,3,1,0.6676104336525678
360,4,0,0.5891980812060104
361,1,0,0.3527486829779066
362,0,1,0.6498956502189648
363,2,0,0.7011838694445106
364,2,1,0.571863298979324
365,2,1,0.5779638569075637
366,0,0,0.6168672952695211
367,2,0,0.6452259742833484
368,0,1,0.8503012885397794
369,0,1,0.6847008472224975
370,3,1,0.5794084985043026
371,3,1,0.7033136682057166
372,1,1,0.615821135392105
373,1,0,0.272576741473601
374,2,1,0.7234400401928717
375,1,1,0.8032337810515858
376,0,0,0.6761222717506734
377,2,1,0.7417116630563154
378,4,1,0.7484549119910849
379,4,1,0.7515564105005638
380,2,1,0.6808154651461173
381,0,1,0.6189440075712036
382,1,0,0.635330185970011
383,0,0,0.6824415051257782
384,2,0,0.6437810663326102
385,3,1,0.7710999093477775
386,0,0,0.6657058267090845
387,2,1,0.5588607389675463
388,0,1,0.6518967516842392
389,2,1,0.519811466941037
390,4,1,0.774880166239625
391,4,1,0.5827677602576875
392,2,1,0.6754869578230046
393,4,1,0.6725976624886791
394,1,1,0.7147350296714963
395,2,0,0.49526222000230136
396,2,0,0.6355443975551683
397,0,1,0.5981371573085409
398,1,1,0.7646288937705641
399,2,0,0.5519508416924432
400,1,0,0.5941273959812818
401,0,0,0.6057058450018081
402,1,0,0.5152277394894038
403,3,0,0.567603042682395
404,1,0,0.5960586756154759
405,1,1,0.7914066478036561
406,2,0,0.7429566186891085
407,2,1,0.6615760729026792
408,2,1,0.6318488027346464
409,4,1,0.6827522624780209
410,4,1,0.6235696862488134
411,3,1,0.49798159204905423
412,4,1,0.5450910537419272
413,0,1,0.6211127614750986
414,2,0,0.677834608727322
415,2,0,0.5821860275853438
416,4,0,0.5726635417445342
417,2,0,0.5131988408274457
418,4,1,0.646940102047499
419,4,0,0.6037690697735928
420,0,0,0.6157799317236139
421,0,0,0.4963531846791564
422,0,0,0.720778838931341
423,3,1,0.6451016995046136
424,0,1,0.7794881431896903
425,3,1,0.6945043694597826
426,1,1,0.5749029080046119
427,3,1,0.8163614104717436
428,2,1,0.719599897696005
429,0,1,0.5770846670011022
430,4,0,0.6437698101538244
431,1,1,0.712637836486938
432,0,1,0.8407429954079311
433,1,0,0.577434469880021
434,1,1,0.5903801871817049
435,4,1,0.7366056703832501
436,3,1,0.6316118496244291
437,4,1,0.7089551432999315
438,2,1,0.766056673165074
439,4,0,0.7271898871493581
440,1,1,0.6837917391853214
441,4,1,0.7110244805861754
442,2,0,0.6154800564943955
443,3,1,0.5991467361672033
444,0,0,0.5567697551069399
445,3,1,0.6213577918095355
446,2,1,0.7485572313232765
447,0,0,0.5844069901086041
448,0,0,0.5599303149850966
449,0,1,0.6230916197282713
450,2,1,0.6846766240044418
451,0,1,0.793810432883041
452,4,1,0.7869968153993253
453,2,1,0.7698945894329186
454,1,0,0.6390729438695942
455,3,1,0.5737165916240303
456,3,0,0.6497424131346796
457,4,1,0.6510871599630836
458,1,1,0.678349987598608
459,3,0,0.6416133836255227
460,0,0,0.5437246126613344
461,2,1,0.8005402745354243
462,0,1,0.6177253921876431
463,1,1,0.6047034542170584
464,0,1,0.7795303538181841
465,0,1,0.6713910663850104
466,4,0,0.5997543038560775
467,3,1,0.6993008769603922
468,1,1,0.5967208449393422
469,1,1,0.6233480302199894
470,4,1,0.6401598506822417
471,2,0,0.44660198281492436
472,4,0,0.6998248059048315
473,4,1,0.6434779769654493
474,4,1,0.45160541233962365
475,2,0,0.5325327264928561
476,3,0,0.7677535156300153
477,1,0,0.5678102309081087
478,1,1,0.5844374904275184
479,3,1,0.5850651945470386
480,4,0,0.613442753905955
481,1,1,0.7080624545233062
482,3,1,0.6492491942491978
483,4,1,0.7240507623114685
484,0,0,0.6336584281258603
485,2,1,0.7170517685646157
486,1,1,0.8026743495241707
487,1,1,0.6020033228973645
488,1,1,0.6190291137756674
489,3,1,0.6337058767544375
490,0,1,0.6455808750339869
491,2,0,0.6252464902473911
492,1,1,0.6594321366644742
493,4,1,0.7564585046235988
494,4,0,0.54632098838831
495,0,0,0.5275942384692933
496,0,1,0.8040173463971297
497,2,1,0.8243835578454295
498,1,1,0.7382688112157189
499,4,0,0.7114535869187266
500,4,1,0.6039097115981452
501,0,0,0.6676248132438016
502,2,1,0.7616745570626123
503,3,0,0.6693946443363079
504,4,0,0.5737096010016688
505,0,0,0.6197492850504737
506,4,1,0.6610653105422962
507,2,0,0.5271565418158579
508,4,1,0.6011642154897567
509,0,1,0.6256051485376752
510,0,1,0.6721218412184585
511,3,0,0.6139171440802162
512,3,1,0.3846115881829303
513,0,0,0.7776826870300079
514,0,1,0.4981296708792632
515,3,0,0.6833201998379552
516,1,1,0.6410557463811769
517,2,0,0.542808078276452
518,3,0,0.8001173246947836
519,2,1,0.7446728710023617
520,1,0,0.6715547783092666
521,2,1,0.6819489007956416
522,1,0,0.6025576935600966
523,2,1,0.5611456644406322
524,3,1,0.5951757158101472
525,4,1,0.7355867552480762
526,2,1,0.6442709916645275
527,1,0,0.5497337614082379
528,4,1,0.7350798780599255
529,3,1,0.6480709646455928
530,4,0,0.6325625225021048
531,3,1,0.7843959771282769
532,0,1,0.7414863887787274
533,1,1,0.47452627217131343
534,4,1,0.5298171647239717
535,1,0,0.5415391354282145
536,1,1,0.46158449250666644
537,2,1,0.6804113226371815
538,4,0,0.5582054329229602
539,3,1,0.5966074244536475
540,1,1,0.6064563704360891
541,1,1,0.73641492118833
542,0,0,0.5787491595482153
543,0,0,0.5643883920342629
544,1,1,0.5276048612215711
545,4,1,0.6138747878273468
546,4,0,0.5609676133799271
547,3,1,0.6856334601062405
548,4,1,0.6461189244976793
549,2,1,0.7670965638526174
550,0,1,0.5381005160895304
551,4,1,0.6489044004593674
552,2,0,0.7747018559145732
553,1,1,0.6493676837965309
554,2,1,0.560487915591076
555,0,1,0.6956515312434829
556,4,1,0.7830529380591968
557,1,1,0.586047246965096
558,3,0,0.6764025037710129
559,4,0,0.6544021202218454
560,3,1,0.6736122828773056
561,4,1,0.7435907456328807
562,4,1,0.5976812507288671
563,2,1,0.7267718062226441
564,1,0,0.5071564788612974
565,1,0,0.5557053027998626
566,3,1,0.6239000858171218
567,3,0,0.5943152667740506
568,4,1,0.7712083029822481
569,1,1,0.7192128761783739
570,3,0,0.6651575037102391
571,2,0,0.6930598423778987
572,1,0,0.7047929920425996
573,2,1,0.6218871622758824
574,2,1,0.6853682890525444
575,3,1,0.6639129569025269
576,4,0,0.6347905719722498
577,2,0,0.5431140465250265
578,0,1,0.5700075700154702
579,0,0,0.6550243959839294
580,1,0,0.5597114624532179
581,4,1,0.6048916717235719
582,0,0,0.7121229473186155
583,1,1,0.63528283864299
584,3,1,0.7059828576556325
585,0,1,0.7603492507893118
586,2,0,0.7584843412549002
587,4,1,0.637988166740724
588,2,1,0.7926567871394335
589,3,1,0.5928419174885379
590,3,1,0.6287092261572197
591,0,1,0.6115459182721853
592,0,1,0.6521134348423933
593,0,1,0.687069260271064
594,0,0,0.21412662715412936
595,4,1,0.7129833794650315
596,1,1,0.5601873003424012
597,2,1,0.6265606426205362
598,3,1,0.6297535661785498
599,2,0,0.6994917574284928
600,1,1,0.730635996855055
601,2,1,0.6642828111835607
602,1,1,0.7749175861140604
603,1,0,0.6148805519885595
604,2,1,0.6833168776963672
605,2,1,0.6096976075101598
606,0,1,0.6958415879378197
607,2,1,0.5522448242521246
608,2,1,0.6734948377451018
609,2,1,0.833556743625665
610,2,1,0.7945886175912433
611,4,1,0.7076566692032625
612,4,1,0.759352605657498
613,0,0,0.5609328764991437
614,3,1,0.6398100264146859
615,1,1,0.7635274146865761
616,3,0,0.621328801792205
617,3,1,0.7647348271683773
618,1,1,0.6888893004432862
619,3,1,0.6727472262123854
620,4,0,0.5662957406199776
621,4,1,0.8144507455542805
622,0,1,0.8431140800082667
623,0,1,0.7428086676683213
624,4,1,0.7603715130865136
625,4,1,0.7134739356194209
626,1,1,0.6252907054933385
627,2,0,0.614902375191851
628,0,1,0.6529184827091622
629,1,0,0.6775702682986045
630,0,1,0.7158678680904761
631,0,1,0.6302267895470332
632,4,0,0.7199623924367597
633,3,1,0.6424245471887384
634,0,1,0.7313898835776702
635,0,1,0.7137201536229948
636,2,0,0.5695634246233402
637,3,1,0.5494915913339958
638,0,1,0.6278886831193066
639,4,1,0.7235176539905049
640,3,0,0.5481219903552771
641,0,0,0.5799376517945919
642,4,1,0.759966196084642
643,4,1,0.28743398289671723
644,4,1,0.671709942815346
645,0,0,0.500217665301984
646,2,1,0.7653237037200136
647,3,1,0.864293020593626
648,1,0,0.6839820954002588
649,1,0,0.5406213568730799
650,3,1,0.5653309737452684
651,4,1,0.6182005928429453
652,1,0,0.5150724209016616
653,2,0,0.576193735873032
654,3,1,0.5151436464667786
655,0,1,0.5799093342062069
656,3,1,0.7700136109935468
657,3,1,0.5823869337388053
658,1,0,0.45192685904497254
659,1,1,0.7749495787229185
660,3,0,0.8215494677854739
661,4,1,0.62372834543758
662,2,1,0.6362202859176762
663,2,1,0.6276857659342661
664,2,1,0.7274692377420231
665,2,1,0.5529153239890107
666,4,1,0.7978471933796424
667,4,1,0.5982947039503852
668,2,1,0.6801845023981253
669,4,0,0.6549278500516974
670,1,1,0.5871076174129565
671,4,0,0.6263230883447498
672,0,0,0.7666630769858499
673,3,0,0.5102417864194831
674,3,1,0.6148304866038657
675,4,1,0.5537966897533628
676,1,1,0.5609551331553846
677,0,0,0.6186575951296523
678,2,0,0.5663505543450791
679,4,1,0.7660334983858427
680,2,1,0.7127056069324645
681,1,1,0.7592484002992137
682,3,0,0.5684369493220488
683,4,0,0.6420061437283054
684,3,1,0.7245567311183915
685,4,0,0.6198603440423684
686,0,0,0.666204903209295
687,4,1,0.7052124438359161
688,2,1,0.702901982270481
689,4,1,0.6576141893367796
690,3,0,0.6386041180299241
691,1,1,0.7750931967503334
692,4,1,0.5938028143329734
693,4,0,0.5812531995229018
694,0,1,0.8211889825400669
695,4,0,0.5899042230063083
696,0,1,0.6610602008010588
697,3,1,0.7928269171427412
698,4,1,0.8176514220762511
699,4,1,0.7309184166292987
700,0,1,0.6219954019820263
701,2,0,0.5330562301105988
702,1,1,0.5927901496874788
703,3,1,0.584364384692748
704,0,1,0.7092478488861524
705,0,1,0.5685403522564801
706,1,1,0.6215513338511269
707,0,0,0.6082319641559591
708,2,0,0.26062518835583737
709,0,0,0.7542840352289667
710,2,1,0.6874709715537484
711,3,0,0.7594488965718184
712,1,1,0.7435146379579213
713,4,1,0.804800631970054
714,3,1,0.5178477477146011
715,0,1,0.5303712158762687
716,0,0,0.7520216502075412
717,3,0,0.5503048563205255
718,0,1,0.5804937296671305
719,3,1,0.6696351855728183
720,0,1,0.40952425192445757
721,2,0,0.5774495371395151
722,2,1,0.607002278243712
723,0,1,0.8046782803870087
724,2,1,0.7751102767588869
725,4,1,0.6998881875908242
726,1,0,0.7648163315759794
727,3,1,0.8155640579881441
728,4,1,0.5896403600952242
729,4,0,0.6017954153452565
730,2,1,0.7561235619710773
731,4,0,0.7612576259656895
732,3,1,0.6416447443505003
733,4,0,0.5818045803591907
734,2,1,0.7466109303586228
735,1,0,0.6067289847084405
736,2,1,0.5595828584344488
737,3,1,0.5798721064534803
738,1,1,0.6451614629928832
739,3,0,0.5048558572978734
740,4,0,0.7130526335056396
741,1,0,0.5792960096791611
742,2,1,0.6189146601041754
743,2,1,0.6127960797871518
744,3,1,0.743379337668385
745,3,1,0.6195841098081778
746,0,1,0.550893148414848
747,1,1,0.8034923537762207
748,0,1,0.739163958413455
749,2,1,0.7725263640602266
750,4,1,0.7156837870298951
751,1,1,0.7373314530879843
752,1,1,0.67053783211385
753,1,1,0.5892390775281892
754,2,1,0.8264399381266064
755,0,0,0.7084715415517059
756,3,1,0.6581451704322936
757,4,1,0.7113759978684147
758,1,1,0.8281897815342467
759,1,1,0.6849579334732327
760,4,1,0.5109892215151571
761,1,0,0.7292401013499473
762,1,1,0.5932117551411692
763,3,1,0.5637448578809908
764,4,1,0.7415104509588187
765,2,1,0.6098351851463175
766,3,1,0.7786603581586609
767,2,1,0.7218404033619606
768,3,1,0.5823838170063538
769,3,1,0.5297758491703105
770,1,1,0.7610688239792079
771,2,1,0.7381823960907278
772,4,0,0.6516005326478118
773,3,1,0.5782705858981725
774,4,1,0.6301637341497763
775,0,1,0.5908249575052502
776,3,1,0.5933285379852156
777,4,1,0.6923746149487896
778,0,0,0.6167943656659474
779,1,0,0.2339327115706566
780,3,0,0.517520885702534
781,3,0,0.5068961845594662
782,3,1,0.7220214404825931
783,0,0,0.5494228214198158
784,4,1,0.6405955627746952
785,3,1,0.617297851976707
786,2,0,0.5821456298004031
787,4,0,0.5821122278467292
788,2,1,0.789394377757193
789,2,0,0.6870476679070002
790,1,1,0.6345365598538515
791,3,1,0.6114330156002272
792,3,0,0.582673147444391
793,0,1,0.7091888827419704
794,4,1,0.6959036997206907
795,0,1,0.6209861784323547
796,2,1,0.5573335275112357
797,4,0,0.49081713552667705
798,0,1,0.569058706487532
799,4,1,0.6968757776555037
800,4,0,0.5330347977560385
801,3,0,0.7977231891127691
802,0,1,0.7893825907581555
803,3,1,0.7456751572813906
804,4,1,0.8315485956019397
805,0,1,0.6120254900731537
806,3,1,0.679845246803676
807,3,1,0.785436044433148
808,1,1,0.64233259982951
809,4,0,0.6047080155359604
810,2,1,0.6358765759106442
811,1,1,0.6391400755663719
812,3,1,0.6550723585657802
813,4,1,0.755900868322108
814,4,1,0.7418084387924939
815,3,1,0.6617317960216511
816,2,1,0.5777245189797329
817,1,1,0.7033747861542001
818,0,1,0.6276790385959943
819,2,0,0.5961152959651176
820,1,0,0.7180899356971245
821,3,1,0.6687452671441778
822,4,1,0.6090186001271933
823,1,0,0.6292267384586383
824,1,1,0.6640903840202015
825,1,1,0.5421343676031727
826,0,1,0.6118046070146662
827,4,0,0.6384301440447091
828,2,1,0.779876773369999
829,1,1,0.6355383471026879
830,4,1,0.7424261837420201
831,1,0,0.5201820780458202
832,0,1,0.3488241583185521
833,1,0,0.6248689298843298
834,4,0,0.5766408478226347
835,3,0,0.6475800043460868
836,1,0,0.6619626891952715
837,1,0,0.6916172076691689
838,4,1,0.5515825515483034
839,3,0,0.45150867123370375
840,4,0,0.626333904477928
841,0,0,0.7557921927371845
842,3,1,0.7046066866725286
843,0,0,0.720042320182064
844,4,0,0.49971384543990255
845,3,0,0.8158814422519522
846,2,1,0.7433829679173606
847,4,1,0.5773171312528429
848,3,1,0.7386239342646118
849,3,0,0.7580011471971423
850,0,0,0.47056775348703517
851,2,1,0.7306399773417895
852,2,1,0.5440882716332109
853,0,0,0.524857710331168
854,0,0,0.6257734808531978
855,1,1,0.7737726811645602
856,0,0,0.43351359519802535
857,1,1,0.621787080658492
858,3,1,0.618732337661586
859,0,1,0.6992471698753394
860,2,1,0.6851610328989298
861,4,1,0.6105441704836878
862,3,1,0.6829266742013965
863,0,0,0.5966593053533021
864,1,1,0.6593141392325709
865,3,0,0.5615386159621539
866,4,0,0.6474903202894465
867,1,1,0.8184006516634024
868,3,0,0.5147421501277858
869,4,1,0.6538951829114755
870,4,0,0.5886453944429353
871,2,1,0.5170395094045064
872,1,0,0.722293059756624
873,2,1,0.7521264245374301
874,1,0,0.5940477742550807
875,1,0,0.6671111695490799
876,4,1,0.6240535802039395
877,0,1,0.7295775341898587
878,2,1,0.6394094590426108
879,4,1,0.7249147448382718
880,2,1,0.6401158348078734
881,2,1,0.684522124361122
882,2,1,0.6391045784218542
883,0,1,0.6846823035517182
884,1,1,0.6383414773957425
885,1,1,0.5776032999526057
886,0,1,0.6111035388835622
887,3,1,0.6772492245748787
888,3,0,0.5869459723942758
889,4,1,0.6981936027029435
890,1,1,0.6315408879233899
891,0,1,0.7403713443646391
892,3,1,0.5746879979770372
893,3,0,0.49549601080120814
894,0,0,0.5065623327883314
895,0,1,0.7512323769110774
896,0,0,0.6358434092769337
897,0,1,0.619140218648507
898,2,1,0.7163544580061381
899,3,1,0.6514505737648579
900,0,0,0.4827615624034689
901,2,0,0.4643060614729885
902,2,1,0.5598789706311623
903,4,0,0.6370847930813257
904,0,1,0.5619454245075809
905,4,1,0.6516699059985789
906,1,1,0.595887739637368
907,2,0,0.6005807731947734
908,1,0,0.7213223876927544
909,3,1,0.7817617666962211
910,2,0,0.6024437570000533
911,0,1,0.6396807912463932
912,1,1,0.6946260191806048
913,3,1,0.5484243229566359
914,0,1,0.6338596092554105
915,3,1,0.7976223396623527
916,1,1,0.590951095934027
917,1,0,0.5985346528016768
918,1,0,0.5868278184711949
919,0,0,0.624403313382929
920,2,0,0.6614856153362796
921,4,1,0.6757428500907205
922,1,1,0.6706196495429374
923,0,1,0.6219363872016463
924,2,1,0.5488016964399501
925,2,1,0.8076533697460614
926,1,0,0.566684121170618
927,2,0,0.5306502091549526
928,0,1,0.6461649113615668
929,4,1,0.651693711532191
930,0,1,0.7712962028431783
931,0,0,0.788306058543926
932,3,0,0.6562686422617722
933,4,0,0.6621041965638521
934,1,1,0.6036294299113522
935,1,0,0.585514982173552
936,3,1,0.7215115068482685
937,0,0,0.5319627726650785
938,1,1,0.5935250918434387
939,2,1,0.6699022632115538
940,0,1,0.629030486914986
941,3,0,0.5830058059682908
942,4,0,0.6323819561653976
943,0,0,0.7712973044097553
944,4,0,0.6837379693283048
945,4,0,0.6484379777470392
946,3,0,0.70300454936497
947,0,1,0.78648347967891
948,0,1,0.6326104835230926
949,4,0,0.5192386402784177
950,0,1,0.711775151854477
951,0,1,0.6776415485458231
952,1,1,0.6205435455369873
953,0,1,0.7984513603107303
954,3,1,0.7029907186642593
955,3,1,0.6177264105661233
956,3,1,0.7580163955722956
957,4,1,0.7619337110089097
958,1,1,0.6389704872065188
959,1,0,0.6139325736594772
960,0,1,0.7114332786228736
961,2,1,0.8274873792607228
962,4,0,0.7340873240871929
963,4,1,0.6973401214172571
964,4,1,0.4772306006923597
965,1,1,0.7137378961210008
966,0,1,0.6671479268654217
967,0,0,0.6736888141686596
968,3,0,0.6588947789452756
969,3,0,0.6405820458288447
970,4,1,0.69664303306356
971,4,1,0.6856000136487702
972,1,1,0.7252350997594125
973,3,1,0.5670905516761507
974,2,1,0.7907422291297492
975,1,1,0.5422682510589429
976,4,0,0.6460220616177744
977,2,0,0.7487690658469469
978,2,1,0.6517248838658586
979,0,1,0.6092293710118314
980,3,1,0.5535464623388988
981,3,1,0.5544017502434693
982,0,1,0.6600578522159616
983,1,1,0.6175340530655924
984,4,1,0.7370518386737632
985,2,1,0.6718322563594772
986,4,0,0.37237077843420635
987,0,1,0.597816844617701
988,0,0,0.6678620667151819
989,4,0,0.5361451872981184
990,1,1,0.649861395680672
991,1,1,0.7611876325294178
992,1,1,0.7465749448679356
993,4,1,0.81102896787183
994,0,1,0.8127455234825682
995,2,1,0.7406754169665772
996,1,1,0.7666666917226769
997,2,0,0.6921179077512282
998,1,1,0.7215421172919337
999,2,1,0.6150611893787546
1000,2,1,0.7889942915072765
1001,0,0,0.6049484745679389
1002,4,1,0.565949234726081
1003,0,1,0.6031778083590723
1004,2,1,0.6777790930782074
1005,1,1,0.6646976951396033
1006,3,1,0.6393658528988361
1007,0,0,0.6194450473169423
1008,2,0,0.6135959427305622
1009,2,1,0.6474992000295523
1010,1,1,0.7631626649024779
1011,2,1,0.726816831658254
1012,0,1,0.7794313430011541
1013,0,0,0.7214029393903355
1014,3,0,0.6540487765807387
1015,3,0,0.5799119175037581
1016,3,0,0.7031112224388312
1017,1,0,0.5919881282914078
1018,0,1,0.5305875281826782
1019,2,1,0.5469371743059632
1020,3,0,0.7249018322179013
1021,1,1,0.363955701682439
1022,0,1,0.3282476930187682
1023,3,0,0.563881810389282
1024,4,1,0.7515594007009035
1025,4,1,0.6178217180316544
1026,1,1,0.6267489476075488
1027,0,1,0.6253743032298624
1028,2,1,0.616325406230459
1029,0,1,0.661487662057626
1030,3,1,0.6375624570683223
1031,3,1,0.5993185293479962
1032,4,0,0.6520964871824723
1033,4,1,0.5730263962870189
1034,3,1,0.37884096272461903
1035,1,0,0.2442190502441259
1036,2,1,0.7708141205743095
1037,0,0,0.5173434484906764
1038,2,1,0.6861679129898167
1039,4,0,0.6875554015747811
1040,1,0,0.558721054227518
1041,3,1,0.6567722419007275
1042,4,1,0.6572846703601776
1043,2,1,0.8560954668285397
1044,0,1,0.8586913369885657
1045,1,0,0.6682068020697547
1046,0,0,0.5769304064338495
1047,1,0,0.5399762052681101
1048,4,1,0.6244893333052872
1049,3,1,0.6790591024821783
1050,0,0,0.6188662154952305
1051,0,1,0.5809955899943723
1052,0,1,0.5995611158176605
1053,1,1,0.6482632922299856
1054,2,1,0.6117482221620353
1055,1,1,0.6545129410185825
1056,0,1,0.81045595413221
1057,3,0,0.597438933122567
1058,2,1,0.6732025886808722
1059,0,1,0.8472525895135911
1060,4,1,0.6135448359934267
1061,3,1,0.7621248153714154
1062,3,0,0.6653403473762302
1063,3,0,0.7518752692393441
1064,4,1,0.6394098380091614
1065,1,0,0.641557710093497
1066,4,1,0.6855530781652823
1067,2,0,0.6125131182880766
1068,1,1,0.293120429550112
1069,2,1,0.6604107187390317
1070,0,0,0.7415470535223919
1071,0,0,0.5855069216524351
1072,2,1,0.637671426453912
1073,2,1,0.6103364109446359
1074,0,0,0.6191109082474421
1075,3,1,0.602922990966141
1076,0,1,0.6628663179521382
1077,3,1,0.6131519967738719
1078,1,1,0.6133437793785019
1079,1,1,0.5974771231676748
1080,4,0,0.623666549653383
1081,3,1,0.6265880839616522
1082,3,0,0.47581046393895604
1083,1,1,0.7074878470540359
1084,0,1,0.5796165575725726
1085,4,1,0.6355776191782763
1086,4,1,0.5411013507010786
1087,3,0,0.6994188313862486
1088,1,1,0.7664424011755758
1089,4,0,0.5227410679724885
1090,0,1,0.6410524986653061
1091,3,0,0.6039937763155149
1092,3,1,0.6546290842885517
1093,2,0,0.7352885195269664
1094,2,1,0.4064351789918437
1095,0,1,0.6142651363366355
1096,1,1,0.7553463936449331
1097,2,0,0.5338971397433587
1098,4,1,0.6851456586544604
1099,1,1,0.628798264145248
1100,2,1,0.7781133935066908
1101,1,1,0.7469640120286194
1102,3,1,0.7703159332746526
1103,2,0,0.5679822392788813
1104,2,0,0.61029804542832
1105,2,1,0.6967465583540547
1106,2,0,0.5992365145699751
1107,3,1,0.7652583955683738
1108,1,1,0.7335066402716626
1109,4,1,0.7532255569125101
1110,0,1,0.6908882428719779
1111,1,1,0.8606061528936021
1112,2,0,0.5132105511304329
1113,2,0,0.5787510892052857
1114,1,1,0.6475472218268981
1115,4,1,0.7883362365869818
1116,4,1,0.8227276115145156
1117,3,0,0.6255854037468339
1118,3,1,0.7863987062262382
1119,4,1,0.7865788963373003
1120,1,0,0.6075813020313142
1121,2,1,0.6039012681400668
1122,4,1,0.7177349200108474
1123,2,1,0.541241315593056
1124,4,1,0.5572517802083311
1125,2,0,0.5693400612426268
1126,1,1,0.7351638731600538
1127,0,1,0.7789228243454496
1128,4,1,0.6588067112170499
1129,3,1,0.5680133451606484
1130,1,1,0.6937308455888104
1131,1,1,0.7367915927517059
1132,2,0,0.5426990521851915
1133,2,0,0.5384658144996516
1134,4,0,0.7042664263486952
1135,4,1,0.6350398748900555
1136,2,1,0.6942887142770787
1137,3,0,0.44571353912935147
1138,4,0,0.69900987272665
1139,0,0,0.5765455412988794
1140,2,0,0.6433696400148802
1141,0,0,0.6126936443079488
1142,1,1,0.6583894276046852
1143,0,0,0.6703689701537138
1144,0,1,0.6499700861022519
1145,2,1,0.5402735381948849
1146,0,0,0.768967461420682
1147,2,0,0.5392421068758764
1148,2,0,0.5717372609774816
1149,4,1,0.6957983001507766
1150,0,1,0.7170360563281974
1151,0,0,0.7788543331258329
1152,0,0,0.640338287125465
1153,0,1,0.7204899216868162
1154,0,0,0.693808805209346
1155,4,0,0.5238218617518356
1156,2,0,0.5879988814879493
1157,2,0,0.6699101259525788
1158,4,1,0.746219434612753
1159,4,1,0.7924709707642004
1160,3,0,0.5499677366679243
1161,0,1,0.7074622503808748
1162,2,1,0.7770050547975241
1163,2,1,0.5827466430608904
1164,2,1,0.52899764231322
1165,3,0,0.5432624522297496
1166,4,1,0.7335502546017871
1167,2,1,0.7791962630514234
1168,0,1,0.7039761353836339
1169,2,1,0.5789043356076319
1170,0,1,0.5752593687844394
1171,4,1,0.7847341143518193
1172,2,0,0.5776734800146882
1173,3,1,0.7878419344496155
1174,4,0,0.5132830833687297
1175,0,1,0.6541662996708953
1176,1,0,0.4391860628782222
1177,1,1,0.638883309715294
1178,3,1,0.6976494803345326
1179,4,1,0.7475950203724662
1180,2,1,0.6909161645979206
1181,4,1,0.6821277031897044
1182,2,0,0.6126211426327587
1183,3,1,0.5959097286734409
1184,1,0,0.5846148101108883
1185,2,1,0.8029112235865807
1186,1,1,0.614705448117078
1187,1,1,0.6708565313504914
1188,2,0,0.7194515520699913
1189,0,1,0.6883465619976842
1190,2,1,0.6102931603246773
1191,4,1,0.552139163735876
1192,2,0,0.6114069936208186
1193,3,1,0.6231233518496022
1194,2,1,0.8617618255778171
1195,3,1,0.5965884989914594
1196,4,1,0.6897065903743453
1197,4,1,0.6254231818239686
1198,0,0,0.6058980819173242
1199,2,0,0.6787487523459405
1200,4,0,0.6300201660569688
1201,4,1,0.7651373431188514
1202,0,1,0.6207512252470384
1203,2,1,0.6664773394771327
1204,0,1,0.664647790044063
1205,0,0,0.5504008153656474
1206,3,1,0.6381443069460077
1207,0,0,0.5595403275580235
1208,1,0,0.594802997118688
1209,3,1,0.554875622384869
1210,1,0,0.618424550037725
1211,4,1,0.6883592527269924
1212,0,1,0.5917323772677865
1213,0,1,0.7459588992004743
1214,1,0,0.2252414022060934
1215,0,1,0.6817123001091876
1216,1,1,0.5389312382226131
1217,0,1,0.7485984839353422
1218,1,0,0.7112928294742634
1219,3,1,0.5879826237127884
1220,3,1,0.7477241789979242
1221,1,1,0.8023354596194089
1222,0,1,0.7359213420101132
1223,3,1,0.6954187126282955
1224,0,1,0.6986102588823442
1225,1,1,0.5098721307243474
1226,2,1,0.6218150478815124
1227,3,1,0.8162402264353231
1228,3,1,0.7976101469167937
1229,3,1,0.5573475466831134
1230,1,1,0.6771424097016812
1231,0,0,0.6016103656956454
1232,0,1,0.5689105735705116
1233,1,0,0.26111152313275793
1234,4,1,0.6689215451939464
1235,1,1,0.6098093872654917
1236,1,0,0.5800937268607611
1237,0,1,0.6212197130052158
1238,2,1,0.7858776706332259
1239,2,1,0.6988166344928162
1240,3,1,0.6646744744046245
1241,1,1,0.6392812275636716
1242,0,1,0.8054851464611513
1243,3,1,0.62747480835242
1244,0,1,0.7320493413017585
1245,3,1,0.6554340995192764
1246,3,1,0.7550567728693187
1247,2,1,0.6664053790020423
1248,3,0,0.5967247847072753
1249,3,0,0.6355437508884104
1250,4,1,0.7613695228438658
1251,1,1,0.7314661815555082
1252,2,0,0.7381434839326181
1253,0,1,0.4847428811374439
1254,4,0,0.5998255245175246
1255,1,0,0.6874400798895383
1256,3,0,0.6051686781616737
1257,4,0,0.5641564737235589
1258,2,0,0.5302005042438785
1259,4,0,0.6622041594490409
1260,1,1,0.6910222647024008
1261,1,1,0.658561095933278
1262,2,0,0.7774882563423963
1263,4,0,0.5974746904114735
1264,1,1,0.6233715535896189
1265,2,0,0.616301638704171
1266,1,1,0.6871047392782736
1267,2,1,0.5428004137255278
1268,4,1,0.7520007977048992
1269,0,1,0.6264598659702862
1270,4,1,0.6617813466793296
1271,4,0,0.6394839828419575
1272,3,0,0.3138308199570486
1273,3,1,0.7131280564971526
1274,1,1,0.7280272408913702
1275,4,0,0.21637634283355084
1276,0,1,0.6506682650026463
1277,0,1,0.6177517240588145
1278,0,0,0.6355694631757202
1279,2,0,0.5019538231112739
1280,0,1,0.7004508750676376
1281,3,0,0.6710527579846111
1282,1,1,0.43222776265034085
1283,0,1,0.5147203350313667
1284,0,0,0.623463101654375
1285,0,1,0.7539934292814159
1286,3,0,0.5489016167622158
1287,1,1,0.7138452202891478
1288,0,1,0.788773665824715
1289,4,1,0.617072779305276
1290,2,0,0.6184312822729475
1291,0,1,0.6425434252151823
1292,3,1,0.7428816020373161
1293,4,1,0.5769075063432942
1294,0,0,0.31891545045054437
1295,4,0,0.5952901699943502
1296,3,1,0.7353953701863386
1297,3,1,0.5942478911147375
1298,2,1,0.6866161658805552
1299,1,1,0.6747730673893106
1300,0,0,0.5910186510131044
1301,3,0,0.5547228609847396
1302,2,1,0.6766049371686449
1303,2,1,0.795892207885628
1304,3,1,0.5780681857381418
1305,1,0,0.6305885312466951
1306,2,1,0.7257377162313254
1307,4,0,0.6463621581113563
1308,4,1,0.7290958059125048
1309,1,1,0.6840116124740797
1310,4,1,0.4514138597905029
1311,1,0,0.6220308446700593
1312,4,1,0.682676212580009
1313,1,1,0.7214233720075023
1314,1,1,0.6698608375275793
1315,0,0,0.6647663533679965
1316,4,1,0.7031290602975172
1317,1,0,0.7643498348017072
1318,2,0,0.615000270578563
1319,3,0,0.6926870377113263
1320,1,1,0.6656130119626638
1321,4,1,0.8557383910365723
1322,0,1,0.7883088072141107
1323,1,1,0.5317562587517034
1324,2,1,0.6618061693901741
1325,0,1,0.6472119116126125
1326,4,0,0.6931565361626171
1327,0,1,0.6278322049196459
1328,3,1,0.7334156659354928
1329,2,1,0.6291760853469401
1330,3,1,0.5597691218676881
1331,1,1,0.7905393529322989
1332,1,1,0.583144496245774
1333,1,1,0.7061689527768347
1334,3,0,0.5517469371782883
1335,4,1,0.6400418956315893
1336,1,1,0.5030167817344191
1337,4,1,0.6524101621380229
1338,2,0,0.6909875327165803
1339,2,1,0.6848131537957219
1340,2,1,0.564782186145577
1341,4,1,0.6724031123678417
1342,2,1,0.7413782814600249
1343,1,0,0.5141235500273432
1344,4,0,0.5633213602624398
1345,0,1,0.7473378471172406
1346,3,1,0.745026529346465
1347,3,1,0.7336067427141068
1348,3,1,0.6650182291134952
1349,2,1,0.8128966011494855
1350,0,1,0.6697568798522479
1351,1,1,0.56721650851706
1352,1,1,0.6796340718384457
1353,2,0,0.5632203396874447
1354,0,1,0.8352900523303073
1355,0,1,0.6768953032096898
1356,0,0,0.7081248847694794
1357,3,1,0.7793911245913211
1358,3,0,0.4740020681424859
1359,0,1,0.7910167834591887
1360,4,0,0.673953495327505
1361,1,1,0.6441560110875137
1362,0,0,0.6720663878656019
1363,2,1,0.763309950291455
1364,2,1,0.8448454249980655
1365,3,1,0.7008567623654841
1366,0,0,0.7520789210852198
1367,1,0,0.5612029855071708
1368,0,1,0.6435033738096351
1369,4,1,0.8170395999629938
1370,0,1,0.750410235921589
1371,3,0,0.6839985423520791
1372,3,1,0.6844704117093687
1373,2,1,0.6096925078163831
1374,3,1,0.6675397295452108
1375,4,1,0.6474190593398806
1376,4,0,0.803623378197271
1377,1,1,0.5508222695381256
1378,3,1,0.7258468612557547
1379,2,0,0.79079450131625
1380,4,1,0.5789780444538245
1381,1,0,0.6086534584716713
1382,2,1,0.6831440973055654
1383,3,1,0.693802669922302
1384,3,1,0.6831153030672936
1385,1,1,0.618534508532336
1386,0,1,0.6928212632542115
1387,2,1,0.6296760680208957
1388,2,0,0.5248503930643467
1389,3,1,0.6155017952410156
1390,1,1,0.5572757139946123
1391,4,1,0.7202803430707992
1392,1,1,0.6764547473575644
1393,1,0,0.6120388596416693
1394,0,1,0.7751576469694218
1395,0,1,0.6433555844573775
1396,4,0,0.5231923229288148
1397,2,1,0.6239667594795375
1398,0,1,0.6578480546653087
1399,3,1,0.6085679650285793
1400,3,0,0.7400038410841495
1401,4,0,0.6544636978706877
1402,2,0,0.5832067566783321
1403,4,1,0.7765647847854769
1404,1,1,0.7813196355185988
1405,3,0,0.6290570595114829
1406,1,1,0.6746066220601876
1407,4,1,0.5670046031583852
1408,0,1,0.6286729181074535
1409,3,0,0.6672702476108728
1410,2,0,0.49450672397392004
1411,4,1,0.7756789383668223
1412,0,1,0.655104731024999
1413,1,0,0.6270036690731962
1414,0,0,0.4963483275882136
1415,2,0,0.7238085382190508
1416,4,1,0.6364627355425518
1417,1,1,0.6562531834112632
1418,0,0,0.67630044868207
1419,4,1,0.7067103598219017
1420,2,1,0.6410560301731499
1421,1,1,0.5939422975898558
1422,4,0,0.7051240595082366
1423,1,0,0.5905549782465094
1424,3,0,0.5854672893962528
1425,2,0,0.5503861283018503
1426,4,0,0.6199781162131663
1427,2,0,0.5064810581778328
1428,0,1,0.5907535451137997
1429,2,0,0.6128789888807986
1430,1,1,0.6485752480858926
1431,1,1,0.6762967306424912
1432,3,1,0.620517473903092
1433,2,0,0.6235836840968007
1434,3,0,0.6788269590441032
1435,3,0,0.7385953345858602
1436,3,1,0.7847491991808424
1437,1,1,0.7101816971936357
1438,0,1,0.840381069171427
1439,0,1,0.8019864947030716
1440,2,0,0.5605275179677269
1441,1,0,0.6082883781573536
1442,4,0,0.6993322099276873
1443,1,0,0.5893053940924841
1444,2,1,0.7198475649864067
1445,0,1,0.6981983447166092
1446,0,1,0.8086781607758372
1447,1,1,0.7136793433911752
1448,3,0,0.5182027233331875
1449,0,1,0.7967303946420928
1450,3,1,0.6531340060807134
1451,0,1,0.6123060056497246
1452,0,1,0.8159291402793026
1453,1,0,0.6326472716902632
1454,0,1,0.5500241576772236
1455,1,0,0.5648285009114975
1456,0,1,0.5419105030637749
1457,0,1,0.6310855701088104
1458,0,1,0.6294968533414756
1459,4,1,0.6393210532807959
1460,2,1,0.7673401736955817
1461,2,1,0.5165473515061874
1462,2,0,0.5374162280780052
1463,0,1,0.708921418953612
1464,0,0,0.6087641626612303
1465,2,1,0.613857487040161
1466,2,1,0.6309562549819642
1467,4,1,0.7948624693733131
1468,0,1,0.6539332577981503
1469,2,1,0.6514358630033292
1470,4,1,0.7301113110320032
1471,3,0,0.6481103927180989
1472,0,1,0.8757494470790739
1473,0,0,0.6120876682697405
1474,4,1,0.7672432641509187
1475,0,0,0.5065581460303089
1476,1,0,0.6934284230289552
1477,1,1,0.6286125031368375
1478,0,1,0.6709804643636779
1479,3,0,0.6362398049410303
1480,1,1,0.7526164099615444
1481,4,0,0.5813864021407642
1482,3,1,0.6486194119853934
1483,3,1,0.597378261297628
1484,4,1,0.62776357743606
1485,2,0,0.6583161650887106
1486,3,0,0.7363201778653611
1487,1,1,0.7543235308114512
1488,3,1,0.739962252490652
1489,3,1,0.7503150542997052
1490,0,0,0.5357585675940839
1491,2,0,0.26375531607155034
1492,1,1,0.7910617659362958
1493,4,0,0.5139011204033875
1494,1,1,0.6507500291691782
1495,3,1,0.5496815521204826
1496,2,1,0.7811613404642591
1497,4,1,0.6336849413086784
1498,4,1,0.60225718477407
1499,3,1,0.6209083891028282
1500,3,0,0.6129445185150555
1501,0,1,0.7184144688355897
1502,3,0,0.5233790235800769
1503,3,1,0.7479796916028034
1504,3,1,0.7560396494349533
1505,3,0,0.6142410278836219
1506,0,1,0.7999687516617107
1507,1,1,0.746079877379899
1508,2,1,0.7391145836667806
1509,2,0,0.6254993475761624
1510,2,0,0.5460562364015334
1511,2,0,0.6446466371263984
1512,4,1,0.7007194138420787
1513,0,1,0.7861911287638437
1514,0,1,0.6176482855521965
1515,1,1,0.6486282589786042
1516,4,0,0.5827982028197178
1517,0,0,0.6726976084364418
1518,2,1,0.7646858852408822
1519,2,0,0.5152990992346663
1520,0,1,0.5624405388370206
1521,4,1,0.6610705224592671
1522,1,0,0.44840357694216254
1523,1,1,0.7779712406557973
1524,3,1,0.5849230048548887
1525,1,0,0.5575992570555619
1526,4,1,0.6688714165296773
1527,2,1,0.6484558330442809
1528,3,1,0.6215511064041842
1529,4,0,0.5475164755836728
1530,2,1,0.6658746869355686
1531,4,0,0.5986216697209031
1532,0,1,0.7791975945731576
1533,3,1,0.7529244985393058
1534,4,1,0.6942061611907246
1535,0,1,0.658097501956566
1536,1,0,0.7526162787781548
1537,1,0,0.5983038905448923
1538,3,1,0.6750906267171416
1539,3,1,0.7626406112145829
1540,3,1,0.5676318842921835
1541,0,1,0.4634344808353889
1542,2,1,0.6136807823203824
1543,0,0,0.6017691617448633
1544,0,1,0.7384420339733556
1545,0,1,0.5509231140897575
1546,3,1,0.7123336959253705
1547,0,1,0.5846128660840207
1548,4,1,0.6858805442088124
1549,1,1,0.6656696294626172
1550,3,0,0.6052582989347594
1551,0,1,0.7394470407953083
1552,3,1,0.7695173255490846
1553,3,1,0.5736072267234293
1554,1,1,0.6354386040266965
1555,3,1,0.8010741634942699
1556,0,0,0.5839770524335521
1557,0,1,0.6497553113707631
1558,2,1,0.7595033540312304
1559,1,0,0.503647617262411
1560,0,0,0.27310613754049906
1561,0,1,0.6267608766338997
1562,2,0,0.6524950989553369
1563,3,0,0.5995052029622151
1564,0,1,0.5748783663023936
1565,2,1,0.7708027917656564
1566,2,1,0.7588719218222753
1567,0,1,0.6972151790984807
1568,3,0,0.578950826869794
1569,4,0,0.5814724385336424
1570,0,1,0.5507423416219307
1571,2,0,0.6558918362782272
1572,3,1,0.7606882287118022
1573,0,0,0.6094437666324238
1574,1,1,0.7335934667351622
1575,3,1,0.5805285815024722
1576,2,0,0.35681709828704916
1577,4,0,0.6300510463737254
1578,2,1,0.6839739750285606
1579,0,1,0.6023348740800606
1580,0,1,0.64505178689031
1581,1,1,0.8070427124828226
1582,4,0,0.2376746349908452
1583,2,1,0.6089891643135141
1584,3,0,0.6658226734713591
1585,2,1,0.6186262949731072
1586,3,1,0.7282930691087505
1587,0,1,0.6482224054650243
1588,2,0,0.6277131946603044
1589,4,1,0.7847625866424173
1590,2,1,0.6812715889311809
1591,4,1,0.7573048961889779
1592,0,1,0.6483529376624031
1593,4,0,0.6335989708201085
1594,1,1,0.591508001931713
1595,0,1,0.6961778152920485
1596,4,1,0.7974733001683159
1597,3,1,0.6970350335114545
1598,3,0,0.5312487717348278
1599,4,0,0.5110954647296809
1600,2,1,0.7395055085145711
1601,2,0,0.3356103426725527
1602,4,1,0.6690221912709735
1603,1,0,0.5381309687273383
1604,4,1,0.5909131554903773
1605,4,1,0.6243471130581625
1606,1,0,0.6074242703499274
1607,4,0,0.7466455935834178
1608,2,1,0.552242605263892
1609,3,0,0.6396973519871291
1610,1,0,0.4729895580937574
1611,2,0,0.3286815501420324
1612,3,0,0.6418219212052465
1613,2,1,0.7025827780334464
1614,1,0,0.512938042339494
1615,1,1,0.6639649954718061
1616,0,1,0.7689868837575335
1617,0,1,0.6686424265492319
1618,3,1,0.6914002314604301
1619,0,1,0.5079401331447617
1620,4,1,0.6221336326156766
1621,1,0,0.6185535699303721
1622,2,0,0.30392221137579833
1623,1,1,0.6264528129138297
1624,0,1,0.6267479067079842
1625,2,0,0.7020784475481138
1626,0,0,0.6173802421327107
1627,3,1,0.7061304187648354
1628,0,1,0.5873140904471637
1629,2,0,0.5597683683847703
1630,0,0,0.668555902634404
1631,0,1,0.7685809574274879
1632,3,1,0.5805688231685405
1633,3,0,0.7049907657386042
1634,4,1,0.6286357614239426
1635,1,1,0.6272724307834529
1636,1,1,0.6708478563471807
1637,4,1,0.6671367471762706
1638,2,0,0.5459749908458125
1639,3,1,0.7886490073621331
1640,2,0,0.5841871616465161
1641,0,1,0.6226388291404376
1642,3,1,0.6206659961148305
1643,1,0,0.42854293052453885
1644,0,1,0.7581225502114843
1645,3,1,0.7750179035256178
1646,1,1,0.7339748065650141
1647,3,1,0.7682108569250694
1648,3,0,0.6133239370158416
1649,2,1,0.6441783240060802
1650,2,0,0.6731598413882892
1651,2,0,0.5967772370463489
1652,3,0,0.5339218256913145
1653,2,1,0.7180978268385404
1654,2,0,0.591435617928838
1655,0,0,0.6358012480381315
1656,3,1,0.529132321655008
1657,4,1,0.7165680070559788
1658,3,1,0.7938138290390847
1659,1,0,0.543400997511136
1660,3,1,0.7248121375145079
1661,1,1,0.5957316005416974
1662,4,1,0.5930369138327124
1663,0,0,0.5739778081137166
1664,3,1,0.7128036729432494
1665,0,1,0.5630247934565173
1666,1,1,0.7593953641954492
1667,3,1,0.5674119472323437
1668,0,0,0.566646169842492
1669,2,0,0.3524913461175296
1670,2,1,0.7678876884432582
1671,0,1,0.576101671857366
1672,2,1,0.748994133451243
1673,4,1,0.7193482637144837
1674,0,1,0.7761520193622975
1675,0,0,0.6007779461997105
1676,0,1,0.6897943277553016
1677,3,1,0.5818987568558153
1678,1,1,0.6218444628450126
1679,2,0,0.7044724931566347
1680,3,0,0.6778293213557355
1681,3,0,0.6063065350909249
1682,4,1,0.6630510200825822
1683,0,0,0.5984067849080512
1684,4,0,0.6110765998387848
1685,4,1,0.6782304787318423
1686,3,1,0.6222131397202596
1687,4,1,0.7528305896764351
1688,3,1,0.6287258105753625
1689,0,1,0.6136209892519789
1690,1,1,0.5137317757112861
1691,1,1,0.6816285653131646
1692,0,1,0.676833856520989
1693,2,1,0.8285978399044924
1694,2,0,0.6560041468962818
1695,1,1,0.7603838715260541
1696,1,0,0.6044786689656052
1697,4,0,0.653823515133131
1698,2,0,0.5175672076508773
1699,2,1,0.6896519673332635
1700,0,0,0.58180084893783
1701,3,0,0.5996044249342226
1702,2,1,0.6290996352062045
1703,4,1,0.7510317091217279
1704,3,1,0.625941489876191
1705,1,1,0.6347724766929427
1706,4,1,0.6763091423344081
1707,2,1,0.7689231459875097
1708,1,1,0.7376646170046205
1709,2,1,0.8304570714906039
1710,4,1,0.7182160398089676
1711,2,1,0.6893168353217957
1712,1,0,0.6583685834686754
1713,2,1,0.5838364998806012
1714,0,0,0.6188088827589218
1715,1,1,0.6574472924119861
1716,1,1,0.7179162114663512
1717,3,0,0.6404652302455248
1718,2,0,0.5411652784728632
1719,3,1,0.6237712277230919
1720,1,0,0.44290821203232256
1721,1,0,0.581992420414096
1722,0,0,0.6277800338899981
1723,3,1,0.6464934613307204
1724,2,1,0.5066681927825079
1725,1,0,0.47293131185183945
1726,2,0,0.5927453839857375
1727,1,1,0.7717769810352462
1728,4,0,0.6539860819116515
1729,1,1,0.6148109215715862
1730,3,1,0.6724203916304758
1731,0,1,0.7696222739695895
1732,2,1,0.6545314869363836
1733,2,1,0.8283886626035353
1734,0,0,0.6375673730698302
1735,4,0,0.4722283545208225
1736,2,1,0.6842518997402759
1737,4,0,0.6101099180159422
1738,2,1,0.6269399280219552
1739,2,1,0.6623483735209761
1740,1,0,0.6823489051492077
1741,4,0,0.5832541099503792
1742,3,1,0.6083622068481866
1743,3,1,0.7448371388229331
1744,3,1,0.7117890392281677
1745,2,0,0.6077976777107181
1746,4,1,0.6393701811467648
1747,4,1,0.8208494366327272
1748,2,1,0.6303291162981762
1749,3,0,0.6352178614064498
1750,0,1,0.6710031284433065
1751,2,1,0.7929369662165457
1752,4,1,0.7796248173501437
1753,1,1,0.7232227202572007
1754,3,1,0.564989802678838
1755,4,0,0.5196883497522811
1756,0,1,0.7399869130381092
1757,2,0,0.5947856140949963
1758,0,1,0.9039475046343743
1759,0,0,0.5390895730408221
1760,3,1,0.731741845979343
1761,1,0,0.7389611530274993
1762,2,1,0.6685056268646747
1763,1,0,0.6350777257632138
1764,4,0,0.6198880737477434
1765,4,1,0.793705333806706
1766,2,1,0.6923801099012691
1767,1,1,0.5394058680541135
1768,4,1,0.8073347186288263
1769,0,1,0.6986426272879008
1770,1,1,0.6339709157262167
1771,2,1,0.6266646329994255
1772,2,1,0.7095513768723916
1773,2,1,0.7729587129704256
1774,4,1,0.7693110040882357
1775,1,0,0.5846967662613634
1776,1,1,0.7864780542222034
1777,4,1,0.6680883007258089
1778,3,1,0.737977390184438
1779,4,0,0.6151095191618361
1780,1,1,0.760622243301166
1781,4,0,0.43826353665310797
1782,0,1,0.7591780967756712
1783,3,1,0.6699392994109828
1784,0,1,0.6444733570640174
1785,3,0,0.6761836003462097
1786,1,1,0.605775400725558
1787,0,1,0.6413832942423082
1788,4,1,0.6177270982750024
1789,2,1,0.7173684329750241
1790,3,1,0.6442090847083506
1791,3,1,0.8013062276982926
1792,4,0,0.7136610577518947
1793,4,0,0.5695842454935363
1794,3,1,0.7008794649737434
1795,4,0,0.697645126843658
1796,0,0,0.5638361263772037
1797,3,0,0.745637437303855
1798,4,1,0.5814578178640347
1799,4,1,0.7408876031519097
1800,4,0,0.5350391554069581
1801,2,0,0.5169933869063255
1802,1,1,0.6894380647202092
1803,4,0,0.6063293812410432
1804,0,1,0.5941887692790264
1805,0,1,0.8362197843347975
1806,3,1,0.6847431540133617
1807,4,1,0.8346481777769794
1808,2,1,0.6850229244462597
1809,2,0,0.5617557608978601
1810,0,1,0.6496564228190885
1811,2,1,0.6393367462259908
1812,1,0,0.5548063224664223
1813,1,1,0.7117254689954489
1814,2,1,0.6547033853603001
1815,3,1,0.6408005687862921
1816,2,1,0.641103906135357
1817,3,0,0.650397025625384
1818,2,0,0.6569693653383607
1819,1,1,0.7997501934381909
1820,2,1,0.7506339771593399
1821,1,1,0.785173984880846
1822,0,1,0.6720405601317039
1823,2,1,0.6297052336902444
1824,4,1,0.703145451634901
1825,0,0,0.5385138410418455
1826,3,0,0.7202817583616792
1827,3,1,0.722742201984544
1828,0,0,0.6596642319816776
1829,3,1,0.8117429888704857
1830,4,1,0.6085758315864946
1831,2,1,0.6257649636665156
1832,2,0,0.6822941077427274
1833,2,1,0.7238595452810331
1834,0,0,0.5793248533132702
1835,4,0,0.6518043724967424
1836,0,1,0.62861586232399
1837,3,1,0.6877097285588145
1838,1,1,0.7538618785792077
1839,4,0,0.6648566099073134
1840,3,1,0.8360137071385965
1841,3,1,0.6206604008946723
1842,3,0,0.6471915803734017
1843,2,1,0.7711747403719607
1844,2,0,0.7192048844532094
1845,4,0,0.7238744233737155
1846,2,1,0.7714708735346091
1847,2,1,0.6987158290772228
1848,3,0,0.26831380024113544
1849,3,1,0.6000535000359845
1850,4,0,0.22654509875281395
1851,3,1,0.5592494893135631
1852,2,0,0.646652589119353
1853,3,1,0.6619087521221245
1854,2,1,0.5800551472923517
1855,4,1,0.6411541944854384
1856,2,1,0.6752327584546767
1857,2,1,0.5771077412892773
1858,1,0,0.23363330319649978
1859,1,1,0.7466570246286008
1860,1,1,0.7107613011167575
1861,0,1,0.6761953441774231
1862,0,1,0.5915970273362556
1863,1,0,0.6351218272879645
1864,1,1,0.509397783617445
1865,1,1,0.7659288809664605
1866,0,0,0.6714685665158868
1867,0,1,0.8631720058380898
1868,2,1,0.6623731835003196
1869,4,1,0.7682940573692075
1870,3,1,0.6933591405052395
1871,3,1,0.6720056799079106
1872,1,0,0.6725845194386403
1873,1,1,0.61259814559095
1874,0,1,0.7219647439476442
1875,4,0,0.5999100414718594
1876,2,1,0.7381149386737685
1877,3,1,0.5698636473959289
1878,3,0,0.7861532817039526
1879,4,1,0.7486116880832511
1880,4,0,0.6553733469785271
1881,3,0,0.5386347515827318
1882,0,1,0.7059598962317594
1883,0,0,0.7384082394071483
1884,0,1,0.6113945220200842
1885,1,0,0.5913983770118136
1886,3,0,0.4571021141973474
1887,4,0,0.7238952402162405
1888,3,1,0.7468719348790646
1889,1,1,0.6403122434264584
1890,4,1,0.6429958120311212
1891,3,1,0.6941006112887144
1892,2,1,0.7960676360744895
1893,3,1,0.6230465949508097
1894,2,1,0.7514716850398089
1895,2,0,0.5903919224364391
1896,0,1,0.5509790685712447
1897,2,1,0.6214769152221938
1898,1,1,0.5997367846197467
1899,1,1,0.5210044014597072
1900,1,0,0.6531146264736507
1901,2,1,0.7149990957185275
1902,4,1,0.6295408228525406
1903,0,0,0.28179632710993524
1904,2,1,0.7802708858701491
1905,1,1,0.5874954866290449
1906,3,1,0.6318672618010155
1907,2,1,0.789402938284598
1908,3,1,0.5637273085834298
1909,0,0,0.5904773610490079
1910,3,0,0.5582644441885036
1911,1,1,0.6619703282037009
1912,0,1,0.6246255360755135
1913,1,0,0.3702328184350962
1914,3,0,0.545635464348661
1915,1,0,0.6174204603358594
1916,1,1,0.6773963142401772
1917,4,1,0.609937576551508
1918,4,0,0.5122934943635492
1919,2,1,0.7004167045761753
1920,4,0,0.5515770556288772
1921,2,0,0.5608053366543264
1922,1,1,0.537687282956744
1923,4,1,0.7962673092669366
1924,0,1,0.5858360784915526
1925,2,1,0.7679292786577102
1926,2,0,0.634380275689268
1927,3,1,0.6940304997604472
1928,4,0,0.5526856887652205
1929,4,1,0.6222559678454315
1930,4,0,0.5688748454011029
1931,0,0,0.6542496593251137
1932,2,1,0.7886454304100894
1933,1,1,0.652260600364422
1934,0,0,0.7790464723340975
1935,0,1,0.7918175004017545
1936,1,1,0.7642571673697429
1937,3,0,0.655807952711634
1938,0,1,0.7978911811034379
1939,2,1,0.791303795444581
1940,3,1,0.6715748005492589
1941,1,1,0.7965415489728569
1942,3,0,0.5109388923853411
1943,4,1,0.755492562494175
1944,4,1,0.7630138397239764
1945,1,1,0.6053019185214168
1946,2,0,0.5593623589769856
1947,2,1,0.6574320258264288
1948,1,0,0.5621695667728241
1949,0,1,0.7481925728470519
1950,3,0,0.5849608779185255
1951,2,1,0.7867601062710681
1952,3,1,0.7126379060966321
1953,0,1,0.5445012294449573
1954,0,1,0.54102418324033
1955,1,0,0.5618054031433298
1956,1,0,0.712630644069771
1957,1,0,0.6802701622574361
1958,4,1,0.719816707211221
1959,2,1,0.7225004424413133
1960,2,0,0.5499752145160305
1961,4,0,0.5575061990573377
1962,1,1,0.7382327679167006
1963,2,1,0.7806081868094671
1964,2,1,0.8016073563840429
1965,4,1,0.724465890944129
1966,2,1,0.5237041250293574
1967,3,1,0.666150401677925
1968,3,1,0.6936605798895475
1969,3,1,0.6107835256045884
1970,2,0,0.5559654508126346
1971,4,1,0.7820887882266722
1972,2,0,0.6346360591886941
1973,1,1,0.6062701504255172
1974,0,0,0.692882987961867
1975,0,1,0.6051472926584882
1976,0,1,0.5261842319984708
1977,3,1,0.5898657013643107
1978,4,1,0.7879813151093523
1979,0,1,0.638316108548554
1980,3,0,0.5254426523753057
1981,1,1,0.6693056867692124
1982,1,1,0.6348610274744965
1983,3,0,0.5191735003889666
1984,2,0,0.7661367659789334
1985,0,0,0.47566504023676415
1986,0,1,0.7310210510104851
1987,2,1,0.6442617003812081
1988,3,1,0.6772995897092293
1989,3,1,0.6360615227417225
1990,4,0,0.49595272191624656
1991,2,1,0.5484624801440278
1992,4,1,0.5829559297351173
1993,0,1,0.6349263889076383
1994,3,0,0.5429483732892808
1995,2,1,0.5928303492652465
1996,1,0,0.5701009754508403
1997,2,1,0.8262557830610939
1998,3,1,0.8437579907819825
1999,3,1,0.709727349404426
2000,1,1,0.761408392603184
2001,4,1,0.7632972072865083
2002,2,0,0.5859476678809236
2003,2,1,0.7860524170976688
2004,0,1,0.49304706395071984
2005,4,0,0.5975928427056862
2006,3,0,0.6225263195641395
2007,3,1,0.7504270075917359
2008,4,1,0.7045648824385823
2009,4,1,0.6989972337544452
2010,3,0,0.6265739703816867
2011,2,1,0.6915321665571282
2012,1,1,0.854172027479668
2013,3,0,0.5265498042557379
2014,1,1,0.5915715982019003
2015,0,0,0.5625186842065987
2016,3,0,0.5292301946507926
2017,3,0,0.6039131929342836
2018,3,1,0.6787578861247978
2019,2,0,0.6005120191717643
2020,3,1,0.6652030104176763
2021,4,1,0.577731846099396
2022,3,1,0.687053745750342
2023,1,1,0.7347645949371491
2024,1,1,0.7387785497213707
2025,3,1,0.7220756889141147
2026,2,0,0.5850442623174178
2027,3,0,0.5946667799916214
2028,3,1,0.5325827700276777
2029,2,1,0.5989893330359319
2030,1,0,0.39008996129223905
2031,1,1,0.6570353724445762
2032,1,1,0.7254523284479106
2033,3,1,0.29990536017459213
2034,4,1,0.7323708670479049
2035,3,0,0.5423808587942489
2036,3,1,0.5941360643500123
2037,2,1,0.6707866669930374
2038,0,1,0.5582303446427993
2039,2,1,0.36361773479964393
2040,4,0,0.6519358424895016
2041,2,1,0.8313926037615577
2042,2,1,0.8705971651016006
2043,0,0,0.8285787712094758
2044,1,0,0.6289347385739161
2045,0,0,0.6207518977442058
2046,3,0,0.6257794304274374
2047,0,1,0.6734315334162847
2048,1,1,0.6094014841531638
2049,4,0,0.5364946173810258
2050,4,1,0.70783111058364
2051,1,1,0.7410225165769098
2052,1,1,0.7156101479125642
2053,4,0,0.5910636787375091
2054,3,0,0.5350032104946411
2055,1,0,0.6205684168596415
2056,0,1,0.6883087374526744
2057,1,1,0.61403608437173
2058,2,1,0.7066650981077858
2059,2,1,0.6926999821198282
2060,2,1,0.8353641039655681
2061,0,1,0.562768181732085
2062,4,1,0.5958450151225585
2063,2,1,0.807344868694944
2064,2,1,0.691481223062657
2065,2,1,0.6339776307040863
2066,3,0,0.5740307865377068
2067,4,0,0.79745317017933
2068,3,1,0.7859168160158951
2069,3,0,0.7722484649372318
2070,4,1,0.5822781756433366
2071,2,0,0.6764712167035772
2072,0,1,0.8241314504939885
2073,2,1,0.588640449544868
2074,4,1,0.7886476124716039
2075,0,1,0.793274625979329
2076,3,1,0.8528344383545595
2077,4,0,0.6384432634790405
2078,4,1,0.7528502253380214
2079,1,1,0.625174066388158
2080,2,1,0.7094303722245158
2081,2,1,0.6510437851794658
2082,2,1,0.7460815764279483
2083,4,1,0.5763072787340258
2084,0,0,0.6588805624738754
2085,2,0,0.5580375624633208
2086,0,1,0.4580983971710248
2087,3,1,0.5638429954604262
2088,0,1,0.589998227441281
2089,0,1,0.5933579601808087
2090,3,0,0.6820435417266191
2091,3,1,0.6494567780380125
2092,3,1,0.6644804298287125
2093,1,0,0.5800316167880886
2094,1,1,0.6551079962524409
2095,0,1,0.7719095489881491
2096,3,0,0.6162414175182424
2097,4,1,0.7216758309125529
2098,2,1,0.750896312490986
2099,2,1,0.7659600973038251
2100,3,1,0.614220275837662
2101,3,1,0.6509682811445481
2102,1,1,0.7295063864833429
2103,1,0,0.5919717092812169
2104,2,1,0.5847559280527254
2105,1,1,0.7315826635767168
2106,0,0,0.6747664912802637
2107,1,1,0.5363944681071133
2108,1,1,0.6428289233065082
2109,0,0,0.4529343213355229
2110,0,1,0.6787710137626901
2111,0,0,0.6624871333943796
2112,3,0,0.7385921718439776
2113,0,1,0.5742724834947776
2114,1,1,0.7228134287266432
2115,0,1,0.7755781959375093
2116,2,1,0.5861311044394851
2117,2,0,0.6781591580045925
2118,2,1,0.8072190031004917
2119,1,0,0.6142262446050853
2120,4,1,0.6331036684276026
2121,1,1,0.6281038451700686
2122,2,1,0.7596279895333852
2123,1,1,0.2321776316055993
2124,2,1,0.43537778299107993
2125,4,0,0.6699392075392909
2126,2,1,0.7030116644316674
2127,3,0,0.2414350427419696
2128,0,0,0.6003257796122593
2129,3,1,0.5951426334241426
2130,0,1,0.5579366258550408
2131,3,1,0.7588114536427352
2132,2,1,0.7919856022264596
2133,1,0,0.7360330123718498
2134,0,0,0.5276962782319693
2135,1,1,0.6399329802031354
2136,0,1,0.7628966535780751
2137,2,1,0.7236977232029475
2138,2,1,0.5491932500109526
2139,3,1,0.7897137796931206
2140,1,1,0.7477215744898733
2141,1,1,0.6553204489783391
2142,4,1,0.7678608014350344
2143,1,1,0.8611053908589374
2144,4,0,0.6865747646088347
2145,4,1,0.7615239902735432
2146,0,1,0.7316863761455298
2147,1,0,0.5762609960164484
2148,1,0,0.3470116226254717
2149,3,0,0.6845654907063881
2150,0,1,0.6534929944487586
2151,3,1,0.6418551941683159
2152,3,1,0.7251558525988955
2153,1,0,0.6857039348223398
2154,4,1,0.7264522701734074
2155,2,1,0.5493404925425144
2156,2,1,0.7675038879059888
2157,0,0,0.5987782668341549
2158,1,0,0.3659762877465889
2159,4,0,0.6243166912958523
2160,0,0,0.49459296892004856
2161,2,0,0.603291428673523
2162,4,1,0.8070956188302405
2163,0,1,0.647582731855653
2164,3,1,0.6151167147440827
2165,2,0,0.6187003366114794
2166,2,1,0.7924478495597913
2167,0,0,0.5254061334420259
2168,4,1,0.737189328262304
2169,4,1,0.7400473464781497
2170,4,0,0.6747315823942533
2171,1,1,0.7936045809858094
2172,0,0,0.5938120090786875
2173,0,1,0.8564156413301426
2174,0,1,0.7363723772842867
2175,1,1,0.5495797110622195
2176,0,0,0.6113874251022061
2177,4,1,0.650614731007752
2178,1,0,0.5580137806323744
2179,4,1,0.6494670680172802
2180,4,1,0.5144989142876919
2181,4,1,0.7164075477991164
2182,1,0,0.5530288543531239
2183,1,1,0.5692051401862162
2184,4,1,0.8009649770799117
2185,2,1,0.6629433950016428
2186,1,1,0.5937440751816164
2187,0,0,0.3057716232420826
2188,3,0,0.4801185025027842
2189,0,1,0.5337546370892334
2190,3,1,0.6003485603443938
2191,3,1,0.8071769888602052
2192,1,0,0.7872977007613683
2193,1,0,0.5814772508597374
2194,0,1,0.8240497810377314
2195,3,0,0.6544435712320632
2196,2,1,0.5437382029626718
2197,4,1,0.6003231792831899
2198,4,0,0.6921348786981967
2199,1,1,0.6306314571768177
2200,2,0,0.4402447724923249
2201,4,0,0.6569867233744842
2202,1,0,0.29705033112655743
2203,1,1,0.6355928942008382
2204,4,1,0.5967678002718013
2205,3,0,0.6492012207643016
2206,2,1,0.6810807561650961
2207,4,1,0.680488530271769
2208,2,1,0.5528923981635383
2209,4,1,0.628805971587504
2210,0,0,0.5540787843569956
2211,0,1,0.8149893431524113
2212,2,1,0.6618013607465998
2213,4,1,0.695768292082138
2214,0,1,0.8106819934590622
2215,0,1,0.6728074350125217
2216,4,1,0.6633543177068667
2217,1,1,0.8303075996853576
2218,4,0,0.5937419330399432
2219,4,1,0.7987391320290262
2220,3,1,0.6463358096909908
2221,0,1,0.5788824103438586
2222,3,0,0.5960077607120438
2223,0,1,0.7606685292405748
2224,2,1,0.8432714143803534
2225,2,1,0.8100177649974816
2226,3,1,0.7974683933873054
2227,2,0,0.5684748090453288
2228,1,0,0.6447663247261265
2229,1,1,0.48645552062544495
2230,4,1,0.5762078704085822
2231,4,1,0.7582459923684004
2232,4,0,0.5692718892333191
2233,1,1,0.5970653484324616
2234,4,1,0.7300786897667638
2235,0,0,0.6123956064352241
2236,0,0,0.2951235826881936
2237,1,0,0.5636260578028903
2238,0,0,0.7433364742157892
2239,1,1,0.6070520735297191
2240,4,1,0.32398024269242476
2241,4,0,0.6435271209393457
2242,3,1,0.6513615424664785
2243,3,1,0.6974166396372385
2244,2,0,0.7899289803834527
2245,3,1,0.6808724513513313
2246,4,1,0.6240414767597547
2247,3,1,0.7555029665688195
2248,3,0,0.5715394847839247
2249,4,0,0.6843589406670947
2250,4,0,0.5716848479325499
2251,4,1,0.7611384059186554
2252,3,0,0.47332429528610526
2253,2,1,0.7159664628885948
2254,3,0,0.2767371382125507
2255,0,1,0.7098052120653101
2256,2,1,0.7611419873832027
2257,3,1,0.7078168335454058
2258,1,0,0.6357104715109232
2259,2,1,0.5452875658065838
2260,0,0,0.6438147788387721
2261,4,1,0.7464606433340459
2262,2,0,0.6303552520327884
2263,3,0,0.5901507053777572
2264,2,1,0.6795574079487683
2265,2,1,0.5519673454347933
2266,0,1,0.761797993261611
2267,4,1,0.5996161835532753
2268,1,1,0.6034497329490003
2269,3,1,0.6252874844324692
2270,3,1,0.683174720476218
2271,4,1,0.6131252706709909
2272,0,1,0.7171855397038861
2273,4,1,0.5983970398452553
2274,2,0,0.589871560697277
2275,4,1,0.655375901356205
2276,1,1,0.7443176093919165
2277,4,1,0.7070359340651567
2278,4,0,0.720695584262577
2279,3,1,0.6131538010925807
2280,0,1,0.25390324798252006
2281,0,0,0.6930508464160644
2282,1,0,0.633724439075242
2283,3,0,0.5158530036340183
2284,0,1,0.5718739677615432
2285,0,0,0.6823229970946687
2286,1,1,0.7937197476232515
2287,4,1,0.753553574332922
2288,0,1,0.6129542302337793
2289,4,1,0.7608817157489759
2290,0,0,0.5756500612511638
2291,3,1,0.5943272670289732
2292,4,1,0.761293912153211
2293,1,0,0.6741417353594186
2294,0,1,0.683246208133405
2295,2,0,0.633148785755726
2296,2,1,0.6403677138419356
2297,4,1,0.816705010565601
2298,2,1,0.705836392926045
2299,1,0,0.5969219725685325
2300,1,1,0.7442126834368591
2301,0,1,0.8032776970042887
2302,3,1,0.7868225152139512
2303,2,0,0.652853534511052
2304,3,0,0.6509893301673718
2305,3,0,0.5577621933819806
2306,2,1,0.7614600218520277
2307,4,1,0.7372385053899826
2308,2,1,0.705788739439177
2309,4,1,0.6500712897333771
2310,1,1,0.834818409407279
2311,0,1,0.7091507507986253
2312,4,1,0.6134016856541927
2313,0,1,0.8122952115109444
2314,1,0,0.687388738451027
2315,3,1,0.7635451369451096
2316,0,0,0.6584133386270011
2317,3,1,0.7854883699384336
2318,0,1,0.5866884096141018
2319,1,1,0.6093352163679363
2320,1,1,0.791097841422638
2321,4,1,0.7420475712352486
2322,4,1,0.603809059746067
2323,1,1,0.4849779355829882
2324,1,0,0.6621048192439528
2325,1,0,0.6463808731561413
2326,3,0,0.2889070296412932
2327,2,1,0.6891314122539659
2328,3,0,0.5909494750286941
2329,1,1,0.7840556564273291
2330,4,1,0.6375648977886595
2331,3,1,0.7817118708470586
2332,0,1,0.5114082107352549
2333,3,0,0.5926902138446061
2334,4,1,0.6471512598038344
2335,1,1,0.7210821576829619
2336,2,1,0.5993852817291184
2337,4,1,0.676079798130948
2338,1,1,0.7439103041265515
2339,1,0,0.603312442744289
2340,3,0,0.5483480278440322
2341,3,1,0.6938398025557387
2342,3,0,0.5907650239186993
2343,0,0,0.5720727485634093
2344,1,1,0.651753459197317
2345,3,1,0.5339274807044924
2346,0,1,0.6123547387512623
2347,2,0,0.2982947856294207
2348,3,1,0.7106915238579515
2349,3,1,0.5133589617030342
2350,1,1,0.7730530992868598
2351,0,1,0.7813057404098922
2352,1,0,0.4060571420950278
2353,2,1,0.740913740544242
2354,1,0,0.6113439652023248
2355,4,1,0.646957141698058
2356,4,0,0.2931596931307239
2357,2,1,0.6172797328314139
2358,0,1,0.7795690433438048
2359,3,0,0.6103072681104704
2360,2,1,0.5605131603980832
2361,0,1,0.8020601976283049
2362,2,0,0.5272161096336808
2363,2,0,0.7423039411442219
2364,2,0,0.5642801807559313
2365,0,1,0.34003551473732846
2366,4,1,0.7949332037357452
2367,1,1,0.5953684560226719
2368,1,0,0.6995547980924699
2369,1,0,0.5021231326265094
2370,0,1,0.5253381991748608
2371,0,0,0.5811244387408967
2372,0,0,0.787269209847699
2373,0,0,0.5476578644322995
2374,3,1,0.6318261797525221
2375,0,0,0.475902795394547
2376,0,1,0.6997405063071948
2377,4,1,0.6186906188364467
2378,3,0,0.6825062984019157
2379,0,0,0.5878085444044384
2380,2,1,0.601587093213595
2381,4,0,0.6181279946405678
2382,0,1,0.7364526561458818
2383,3,1,0.59287742608232
2384,4,1,0.7703836372594014
2385,1,0,0.5671492610969929
2386,4,1,0.5853670401831111
2387,3,1,0.696535126658278
2388,3,1,0.7502316248635827
2389,1,1,0.7173440106761642
2390,4,1,0.6203721761218867
2391,2,1,0.7074910684714362
2392,0,1,0.6122588807933321
2393,2,0,0.601954726541776
2394,4,0,0.5049501852775681
2395,1,1,0.7148969577253236
2396,0,1,0.6696524457925429
2397,3,0,0.5313342478247693
2398,0,1,0.7957530244824619
2399,1,0,0.40984556973916464
2400,4,0,0.6611709677744567
2401,1,1,0.5413941068655812
2402,4,1,0.7111436987901172
2403,2,0,0.6130760823880373
2404,4,0,0.7609737786993505
2405,2,1,0.6976039043331419
2406,4,1,0.7504967717722859
2407,3,1,0.8269938559149439
2408,3,1,0.6680877748082255
2409,4,0,0.6198649272998802
2410,1,0,0.7650154855107484
2411,4,1,0.6703836917430108
2412,1,0,0.594469820340092
2413,0,0,0.5280129553237445
2414,3,1,0.7988299504354528
2415,4,1,0.6406949342783299
2416,1,0,0.690788870696037
2417,1,1,0.5885655944202128
2418,4,1,0.7311679437852117
2419,3,1,0.6357281144652491
2420,2,0,0.6088199101712052
2421,3,1,0.6954024788584617
2422,4,1,0.4839724693885634
2423,1,0,0.6110914474926877
2424,3,1,0.7710028234102662
2425,1,1,0.6066951792025873
2426,3,0,0.6233597158722921
2427,4,1,0.7913571540785195
2428,3,1,0.6102199970563266
2429,4,1,0.6782325722890745
2430,0,1,0.6491001342005923
2431,1,1,0.7870884974617041
2432,2,0,0.6495487842392492
2433,3,1,0.5244357139404507
2434,4,1,0.5769746708712317
2435,3,0,0.5097913147727788
2436,0,0,0.34637264634140036
2437,1,1,0.7159329645976173
2438,2,0,0.6369170907880746
2439,3,1,0.7981405268835831
2440,4,0,0.5933492635533263
2441,3,1,0.8420750611916629
2442,2,1,0.6549531466066277
2443,3,0,0.5882006261282361
2444,1,1,0.7576289754316167
2445,1,1,0.6684925041427512
2446,0,0,0.5290236095790648
2447,3,1,0.7079485260902362
2448,3,1,0.6745766909096215
2449,3,1,0.6143769749154021
2450,3,1,0.7468728773329711
2451,2,0,0.6616117653623698
2452,2,0,0.7270062356502889
2453,4,1,0.5690089821932571
2454,1,0,0.6439202282025295
2455,3,1,0.6208458835390281
2456,4,1,0.7085117469324166
2457,3,1,0.6164634520945504
2458,4,1,0.6681762745229356
2459,3,1,0.63577168760916
2460,4,1,0.6687024725965657
2461,4,0,0.555607877831974
2462,4,1,0.6363372890950033
2463,4,1,0.6684925357346614
2464,2,1,0.7270629686430816
2465,1,0,0.6758535154798415
2466,1,1,0.5870347660815223
2467,2,1,0.6029039866151634
2468,3,0,0.6237768482695152
2469,1,0,0.6073456789393926
2470,0,0,0.5021059114954864
2471,4,1,0.5674718313951367
2472,1,1,0.6495513697656832
2473,1,0,0.5826243473332718
2474,1,1,0.6568593656250644
2475,4,0,0.6922973884599932
2476,1,0,0.598693847938166
2477,1,1,0.6269709834834793
2478,3,1,0.6742751344254334
2479,4,0,0.3313676409279539
2480,2,0,0.5699771578358426
2481,3,1,0.7734546921862144
2482,3,1,0.7818910502907778
2483,1,1,0.6428808417514762
2484,2,1,0.8354557539393788
2485,1,0,0.6583387067404525
2486,1,1,0.6088781236757168
2487,2,0,0.7658445927740967
2488,3,1,0.6160580093749551
2489,2,1,0.6501806998365092
2490,4,1,0.7483966809091597
2491,3,1,0.6917456971569824
2492,1,1,0.6139941345326191
2493,0,1,0.5830897693642115
2494,3,0,0.7288749505694687
2495,2,0,0.6210981453717793
2496,2,1,0.6002855148089388
2497,4,0,0.7427989012833948
2498,1,1,0.597359336642599
2499,3,1,0.599319025993069
2500,2,1,0.5891646275464513
2501,2,1,0.6241985599962013
2502,4,1,0.5534377212864644
2503,0,0,0.6104121182795064
2504,4,1,0.5723968294130245
2505,1,0,0.6208371729466686
2506,2,0,0.727933568802726
2507,2,1,0.7545958416474845
2508,4,1,0.5751320193308807
2509,2,1,0.7955695482228706
2510,3,0,0.5007485888548762
2511,0,1,0.5440428610528573
2512,1,1,0.7289242739159674
2513,2,1,0.7061279333656523
2514,3,0,0.7068087100064375
2515,2,1,0.746985792900277
2516,1,1,0.7615850243342871
2517,3,0,0.6699958935303145
2518,2,1,0.6530444597251445
2519,2,0,0.5056522743917101
2520,0,0,0.7463191276928497
2521,4,1,0.7191047246974815
2522,2,0,0.5910600025895455
2523,3,1,0.5500003089801728
2524,1,0,0.6307845362884595
2525,1,0,0.5897311374327178
2526,3,0,0.6175020861648175
2527,2,1,0.6763731113131486
2528,1,1,0.5743086190772092
2529,2,0,0.598451100440931
2530,4,0,0.640348344085181
2531,4,1,0.7087709796296956
2532,2,0,0.5294868030125099
2533,0,0,0.6216094917630998
2534,1,1,0.6424688976944266
2535,2,1,0.6433203556029057
2536,4,1,0.6199197317461755
2537,2,1,0.7016338543613824
2538,1,1,0.8746044152963915
2539,0,1,0.6763387446629007
2540,2,1,0.620303395498835
2541,0,0,0.3424993296712693
2542,4,1,0.6397235280035575
2543,3,0,0.6166468323990507
2544,4,0,0.6505435574177336
2545,1,1,0.7328972375340409
2546,4,0,0.6708630869542387
2547,1,1,0.6208967268041146
2548,2,1,0.6680431230062781
2549,2,1,0.7207645632929564
2550,2,1,0.6071417471905382
2551,2,1,0.6856704686635733
2552,1,0,0.5898175546727031
2553,0,1,0.5406568950942467
2554,1,0,0.5729259942124818
2555,1,0,0.5996638606273745
2556,0,0,0.5654797821519275
2557,2,0,0.6032455404126901
2558,0,1,0.6076057899474662
2559,2,1,0.6048005297324797
2560,0,1,0.7296774907731226
2561,0,0,0.6072911915534617
2562,3,0,0.5837217264505715
2563,2,1,0.768129929165891
2564,3,0,0.5757218932482995
2565,0,1,0.6515144836875217
2566,3,0,0.5241375125112584
2567,4,1,0.6473515863880298
2568,1,1,0.7492512347560759
2569,0,0,0.2913452035227999
2570,0,1,0.6132669752112269
2571,4,0,0.5575056586156122
2572,1,1,0.7790740781461561
2573,1,1,0.5140356083921552
2574,1,1,0.6157983135879349
2575,4,1,0.6795156993098526
2576,1,0,0.42642026541313216
2577,3,1,0.6759131931477828
2578,1,0,0.5811192263003481
2579,2,0,0.5508554074234566
2580,3,1,0.6815167179445697
2581,3,0,0.6325212786055082
2582,3,0,0.5155730377133281
2583,3,0,0.7397066348772874
2584,4,1,0.6471697480329435
2585,4,0,0.651826503335549
2586,1,0,0.633859989277123
2587,1,0,0.4803137366871158
2588,3,0,0.5632277733720144
2589,1,1,0.6163134623734087
2590,1,0,0.6037270516774792
2591,3,1,0.6459746641693946
2592,3,1,0.820513400229498
2593,1,1,0.7825816018366103
2594,0,1,0.6198144506181444
2595,3,0,0.30308201754097797
2596,3,0,0.6098230855868354
2597,0,1,0.6999533374858458
2598,3,1,0.5873710393272574
2599,4,0,0.6883395421121518
2600,2,1,0.497811610781671
2601,3,0,0.5783196126971931
2602,1,1,0.7472128645748741
2603,1,1,0.5544321134186201
2604,1,0,0.5975030457948618
2605,3,0,0.527674689301607
2606,0,1,0.7034377203696534
2607,2,0,0.3048032758985046
2608,0,0,0.7523318323054714
2609,4,0,0.5465824372949352
2610,2,1,0.5689069790852109
2611,0,1,0.7495992264271664
2612,1,0,0.6074186460480806
2613,1,0,0.5773326211684623
2614,2,1,0.7561804924299561
2615,2,1,0.6605524308203544
2616,2,1,0.8366236837834851
2617,2,0,0.3715621037365552
2618,4,0,0.6662343897947607
2619,2,0,0.358552639696553
2620,0,1,0.717675931827483
2621,1,1,0.7810269675553276
2622,0,0,0.6970511402334787
2623,0,0,0.6389798689233354
2624,0,1,0.6132909335067929
2625,2,1,0.8361936529029401
2626,3,1,0.7472763632366584
2627,4,1,0.7258319183436152
2628,1,1,0.5953514087203216
2629,4,1,0.6317941657929504
2630,0,0,0.5277225629853131
2631,2,1,0.7973888738421548
2632,4,0,0.6780423137958494
2633,3,0,0.6745864344245222
2634,0,1,0.6670483990631808
2635,4,0,0.5566952562063877
2636,2,1,0.6633636368687651
2637,0,1,0.6507621640858957
2638,0,0,0.4765829602680586
2639,0,1,0.651217967706798
2640,4,1,0.6363641042785473
2641,2,1,0.6085558152881184
2642,1,1,0.6620107113123485
2643,1,1,0.6026027277049735
2644,4,1,0.678546288769446
2645,3,1,0.5708830413269755
2646,1,1,0.6081978648082519
2647,3,1,0.62812154539796
2648,2,1,0.7358738034789022
2649,2,0,0.5582631482336653
2650,2,1,0.6761431932839328
2651,3,1,0.5737577770205831
2652,4,1,0.7274452833482205
2653,3,1,0.5085794268411521
2654,0,1,0.744915260233014
2655,4,0,0.6111304364366067
2656,0,1,0.6604494900852861
2657,2,1,0.7433857772375235
2658,2,0,0.6303305431150398
2659,1,1,0.5902453180884071
2660,0,0,0.6199207306141011
2661,1,0,0.5516206595980523
2662,4,1,0.7801785867651186
2663,1,0,0.5213799923481159
2664,4,1,0.8013338939801956
2665,4,0,0.7160014223981368
2666,1,0,0.5262093575383031
2667,4,1,0.7315608657238656
2668,3,1,0.6570046416233439
2669,4,0,0.6607799724719651
2670,0,1,0.6770911047081474
2671,2,0,0.7069650236828864
2672,0,0,0.6363180284497115
2673,3,1,0.7543460417874981
2674,1,0,0.7718326040327227
2675,2,1,0.6645684760391266
2676,1,1,0.7047137352678178
2677,1,0,0.6142902425769773
2678,3,1,0.7443414353422335
2679,2,1,0.7782328146164792
2680,0,0,0.5925945770492352
2681,0,1,0.6550974508164876
2682,4,0,0.6567277784583636
2683,0,1,0.5328091672314185
2684,0,1,0.6508516783788343
2685,0,0,0.6626800668245266
2686,1,1,0.6184247590459578
2687,1,1,0.590867384045883
2688,3,1,0.619144816384109
2689,0,1,0.8607207826469628
2690,2,1,0.8371214014915647
2691,1,0,0.5946692341624134
2692,4,0,0.7063457225978357
2693,3,0,0.7463252407650381
2694,0,1,0.6202181400270161
2695,1,1,0.6519265214459296
2696,4,1,0.569716432215148
2697,3,1,0.5529303621027662
2698,4,0,0.5977066609069952
2699,4,1,0.7095829178783112
2700,2,1,0.8335980620453407
2701,3,1,0.6310304027950694
2702,1,0,0.5971441456404263
2703,4,1,0.7289451652174891
2704,3,0,0.5915972208064385
2705,1,0,0.5123411004921179
2706,2,0,0.5307812647962293
2707,2,0,0.650546624790244
2708,1,1,0.6788584088468933
2709,1,0,0.5588736813171501
2710,4,1,0.7954993096394425
2711,1,1,0.7622417750855349
2712,2,1,0.6728508741294926
2713,1,0,0.6136619618533748
2714,0,1,0.6562100634649144
2715,2,1,0.5874257424757985
2716,1,1,0.6766522800500451
2717,4,1,0.6872928196707183
2718,0,0,0.791504024227418
2719,4,1,0.6624186976222124
2720,1,1,0.7175500373583545
2721,2,1,0.6998268346885037
2722,3,0,0.7180981239027868
2723,0,0,0.7580695964492691
2724,1,1,0.6093431272374881
2725,4,0,0.6138780688496335
2726,4,1,0.8109101261792471
2727,3,0,0.6428789725866169
2728,2,1,0.6228104849283742
2729,2,1,0.7112973303322866
2730,0,1,0.8128237473031307
2731,4,0,0.5829314853165303
2732,0,1,0.7639461632209175
2733,3,1,0.8012279867777948
2734,1,1,0.6014266329375602
2735,1,0,0.6050465822087048
2736,3,1,0.5567864334579823
2737,0,1,0.7820256008201655
2738,2,1,0.6372715854853501
2739,4,0,0.6484134824492658
2740,3,1,0.7332910408398439
2741,1,0,0.6468107843325326
2742,2,0,0.37812597110790513
2743,1,1,0.5828590940902919
2744,2,1,0.6587701086055824
2745,4,0,0.6864242505938941
2746,3,1,0.6222987652856738
2747,0,0,0.5811972381609278
2748,4,1,0.7609040174140737
2749,0,1,0.8103388229652468
2750,0,0,0.6759154706668071
2751,0,0,0.28265174797614057
2752,2,1,0.6433143097177612
2753,3,1,0.7015605828067172
2754,4,1,0.644395495623328
2755,3,0,0.5434438381509055
2756,0,1,0.7829626321036619
2757,4,1,0.6963013650906508
2758,0,0,0.6320226414103911
2759,2,1,0.8205921486580041
2760,3,1,0.8133365588255608
2761,4,0,0.6047483530213638
2762,3,1,0.6646554311782964
2763,0,1,0.532308178752896
2764,0,0,0.6139406425587685
2765,0,0,0.5453789150805559
2766,4,1,0.5413316192561201
2767,0,1,0.6415022886913796
2768,3,1,0.7385932947634253
2769,1,1,0.5670009256360562
2770,0,1,0.6157395892119899
2771,4,1,0.5661093760634867
2772,2,1,0.7209498780962642
2773,4,1,0.7451224840994809
2774,3,1,0.7853948239775845
2775,3,1,0.6946774801411215
2776,0,0,0.5177070747287638
2777,3,1,0.7678331968426175
2778,2,1,0.8363140439421922
2779,4,1,0.6651463832326932
2780,3,1,0.6196372809033602
